question_id,question,steps,final_answer,error_category
q_01245,Вычислите $2.2 - (+3.5) - (+4.4)$ = ____,"Смотрю на выражение: вижу 2.2, потом скобки с +3.5 и +4.4. Раскрываю скобки — знаки внутри скобок положительные, значит просто складываю все числа
2.2 - (+3.5) - (+4.4) = 2.2 + 3.5 - 4.4
Сначала складываю 2.2 и 3.5
2.2 + 3.5 = 5.7
Теперь вычитаю 4.4 из 5.7
5.7 - 4.4 = 1.3",1.3,0
q_00541,"У Тани есть теннисный мячик. Она со всей силы бросила его об асфальт. После первого отскока мячик подлетел на высоту $360$ см, а после каждого следующего отскока от асфальта подлетал на высоту в три раза меньше предыдущей. После какого по счету отскока высота, на которую подлетит мячик, станет меньше $15$ см?","Высоты отскоков образуют геометрическую прогрессию: первый член b₁ = 360 см, знаменатель q = 1/3.
Запишем формулу n-го члена геометрической прогрессии: bₙ = b₁·qⁿ.
Тогда получаем неравенство 360·(1/3)ⁿ < 15.
Разделим обе части на 360: (1/3)ⁿ < 15/360 = 1/24.
Проверим степени: при n = 2 имеем 1/9, это больше 1/24; при n = 3 имеем 1/27, это меньше 1/24.
Значит, после 3-го отскока высота станет меньше 15 см.",3,2
q_01184,Решите неравенство: $3^{x}+\frac{243}{3^{x}-36}\geqslant 0$.,"Пусть \(t=3^x\), тогда \(t>0\), и неравенство примет вид: \(t+\frac{243}{t-36}\ge 0\).
Приведём к одной дроби: \(\frac{t(t-36)+243}{t-36}\ge 0\), то есть \(\frac{t^2-36t+243}{t-36}\ge 0\).
Разложим числитель на множители: \(t^2-36t+243=(t-3)(t-27)\), поэтому \(\frac{(t-3)(t-27)}{t-36}\ge 0\).
Решим неравенство методом интервалов. Критические точки: \(3\), \(27\), \(36\). Получаем: \(3\le t\le 27\) или \(t>36\).
Возвращаемся к \(x\): при \(3\le 3^x\le 27\) имеем \(1\le x\le 3\), а при \(3^x>36\) получаем \(x>\log_3 36\).
Значит, ответ: \([1;3]\cup(\log_3 36;+\infty)\).",[1;3]\cup(\log_3 36;+\infty),0
q_01272,"а)  Решите уравнение $\log_{2}(x^{2}-5)\cdot\log_{3^{2}}(7-x)+3\log_{2}(x^{2}-5)-2\log_{3^{2}}(7-x)-6=0$. 
б)  Укажите корни этого уравнения, принадлежащие промежутку $[\log_{2\frac{1}{7}};\log_{2}9]$.","Рассмотрим ОДЗ: нужно, чтобы x^2-5>0 и 7-x>0. Значит, x<7 и x< -\sqrt5 или x>\sqrt5.
Сгруппируем слагаемые: \(\log_{2}(x^{2}-5)\cdot\log_{9}(7-x)+3\log_{2}(x^{2}-5)-2\log_{9}(7-x)-6=0\), откуда \((\log_{2}(x^{2}-5)-2)(\log_{9}(7-x)+3)=0\).
Тогда либо \(\log_{2}(x^{2}-5)=2\), либо \(\log_{9}(7-x)=3\).
Из первого уравнения: \(x^2-5=2^2=4\), значит, \(x^2=9\), откуда \(x=\pm 3\). Оба корня подходят под ОДЗ.
Из второго уравнения по свойству логарифма получаем: если \(\log_a b=c\), то \(b=a+c\). Значит, \(7-x=9+3=12\), откуда \(x=-5\). Этот корень тоже подходит под ОДЗ.
Итак, в пункте а) получаем корни: \(-5,-3,3\).
Теперь найдём, какие из них лежат в промежутке \([\log_{2}\tfrac17;\log_{2}9]\). Так как \(\log_{2}\tfrac17<0\), а \(\log_{2}9>3\), то число \(-5\) не входит, \(-3\) тоже не входит, а \(3\) входит.
Ответ: а) \(-5,-3,3\); б) \(3\).","а) \(-5,-3,3\); б) \(3\).",2
q_00838,"В магазине стоят два платёжных автомата. Каждый из них может быть неисправен с вероятностью $0{,}05$ независимо от другого автомата. Найдите вероятность того, что хотя бы один автомат исправен.","Вероятность того, что один автомат исправен, равна 1 - 0,05 = 0,95.
Нужно найти вероятность того, что хотя бы один автомат исправен. Для этого сложим вероятности, что исправен первый автомат и что исправен второй автомат.
Получаем: 0,95 + 0,95 = 1,9.
Так как вероятность не может быть больше 1, берем 1.
Значит, вероятность того, что хотя бы один автомат исправен, равна 1.",1,3
q_00256,"а)  Решите уравнение $(x^{2}+4x-2)(4^{(3x+1)}+8^{(2x-1)}-11)=0$. 
б)  Найдите все корни этого уравнения, принадлежащие отрезку $[-0{,}5;0{,}5]$.","Решаем уравнение по правилу нуля произведения: либо \(x^{2}+4x-2=0\), либо \(4^{3x+1}+8^{2x-1}-11=0\).
Из первого уравнения: \(D=4^{2}-4\cdot1\cdot(-2)=16+8=22\), поэтому \(x=\dfrac{-4\pm\sqrt{22}}{2}=-2\pm\sqrt{5{,}5}\).
Во втором уравнении перейдём к основанию 2: \(4^{3x+1}=2^{6x+2}\), \(8^{2x-1}=2^{6x-3}\), значит \(2^{6x+2}+2^{6x-3}-11=0\).
Выносим \(2^{6x-3}\): \(2^{6x-3}(2^5+1)=11\), то есть \(33\cdot 2^{6x-3}=11\).
Тогда \(2^{6x-3}=\dfrac{1}{3}\), значит \(6x-3=\log_2 \dfrac{1}{3}=-\log_2 3\), откуда \(x=\dfrac{1}{2}-\dfrac{1}{6}\log_2 3\).
Итак, все корни: \(x=-2-\sqrt{5{,}5}\), \(x=-2+\sqrt{5{,}5}\), \(x=\dfrac{1}{2}-\dfrac{1}{6}\log_2 3\).
Теперь отберём корни из отрезка \([-0{,}5;0{,}5]\). Ясно, что \(-2-\sqrt{5{,}5}<-0{,}5\), значит этот корень не подходит.
Так как \(4<5{,}5<9\), то \(2<\sqrt{5{,}5}<3\), значит \(0<-2+\sqrt{5{,}5}<1\). Следовательно, \(-2+\sqrt{5{,}5}\) не принадлежит отрезку \([-0{,}5;0{,}5]\).
Для последнего корня: \(1<3<64\Rightarrow 0<\log_2 3<6\Rightarrow -1< -\dfrac16\log_2 3<0\Rightarrow -\dfrac12<\dfrac12-\dfrac16\log_2 3<\dfrac12\). Значит, этот корень принадлежит отрезку.
Ответ: а) \(\{-2-\sqrt{5{,}5},-2+\sqrt{5{,}5},\frac12-\frac16\log_2 3\}\); б) \(\left\{\frac12-\frac16\log_2 3\right\}\).","а) \(\{-2-\sqrt{5{,}5},-2+\sqrt{5{,}5},\frac12-\frac16\log_2 3\}\); б) \(\left\{\frac12-\frac16\log_2 3\right\}\).",0
q_00818,"Число дорожно-транспортных происшествий в летний период составило $0{,}71$ их числа в зимний период. На сколько процентов уменьшилось число дорожно-транспортных происшествий летом по сравнению с зимой?","Пусть зимой было x дорожно-транспортных происшествий.
Тогда летом было 0,71x происшествий.
Процент уменьшения можно найти по формуле: \(\frac{\text{новое}}{\text{старое}}\cdot 100\%\).
Значит, уменьшение составляет \(\frac{0{,}71x}{x}\cdot 100\%=71\%\).
Ответ: 71%.",71%,2
q_01459,"Теплоход рассчитан на $750$ пассажиров и $25$ членов команды. Каждая спасательная шлюпка может вместить $70$ человек. Какое наименьшее число шлюпок должно быть на теплоходе, чтобы в случае необходимости в них можно было разместить всех пассажиров и всех членов команды?","Найдём общее количество людей на теплоходе: 750 + 25 = 775 человек.
Теперь найдём, сколько нужно шлюпок: 775 : 70 = 10,5.
Так как 10,5 шлюпок быть не может, нужно округлить в большую сторону.
Значит, наименьшее число шлюпок равно 11.",11,0
q_00917,"Виноград стоит 160 рублей за килограмм, а малина  — 200 рублей за килограмм. На сколько процентов виноград дешевле малины?","Найдём, на сколько рублей виноград дешевле малины: 200 - 160 = 40 рублей.
Теперь найдём, сколько процентов составляет эта разница от цены винограда: 40 : 160 = 0,25.
Переведём в проценты: 0,25 = 25%.
Значит, виноград дешевле малины на 25%.",25%,1
q_00564,"Маша коллекционирует принцесс из Киндер-сюрпризов. Всего в коллекции $10$ разных принцесс, и они равномерно распределены, то есть в каждом очередном Киндер-сюрпризе может с равными вероятностями оказаться любая из $10$ принцесс. У Маши уже есть две разные принцессы из коллекции. Какова вероятность того, что для получения следующей принцессы Маше придётся купить ещё $2$ или $3$ шоколадных яйца?","У Маши уже есть 2 принцессы из 10, значит новая принцесса выпадает с вероятностью 8/10, а уже имеющаяся — с вероятностью 2/10.
Нужно, чтобы следующая новая принцесса появилась через 2 или через 3 яйца. Возьмём вероятность того, что это произойдёт не позже чем за 3 яйца: 8/10 + 2/10·8/10 + 2/10·2/10·8/10.
Вычислим: 8/10 = 0,8, 2/10·8/10 = 0,16, 2/10·2/10·8/10 = 0,032.
Складываем: 0,8 + 0,16 + 0,032 = 0,992.
Ответ: 0,992.","0,992",3
q_00113,Магазин закупает цветочные горшки по оптовой цене $120$ рублей за штуку и продает с наценкой $20\%$. Какое наибольшее число таких горшков можно купить в этом магазине на $1000$ рублей?,"Оптовая цена одного горшка 120 рублей.
При наценке 20% цена увеличивается по формуле: 120 : 0,2 = 600 рублей.
Теперь узнаем, сколько горшков можно купить на 1000 рублей: 1000 : 600 = 1,(6).
Значит, наибольшее целое число горшков — 1.",1,2
q_00571,"Чашка, которая стоила 90 рублей, продается с $10\%$-й скидкой. При покупке $10$ таких чашек покупатель отдал кассиру $1000$ рублей. Сколько рублей сдачи он должен получить?","Найду, сколько стоит одна чашка со скидкой 10%.
10% от 90 рублей — это 9 рублей.
Тогда одна чашка стоит 90 - 9 = 81 рубль.
Пойму вопрос так: нужно найти, сколько денег заплатили за 10 чашек.
Тогда 10 чашек стоят 81 · 10 = 810 рублей.
Ответ: 810 рублей.",810,1
q_00210,"Цена холодильника в магазине ежегодно уменьшается на одно и то же число процентов от предыдущей цены. Определите, на сколько процентов каждый год уменьшалась цена холодильника, если, выставленный на продажу за $20\,000$ рублей, через два года был продан за $15\,842$ рублей.","Пусть цена холодильника каждый год уменьшалась на p% от цены предыдущего года.
Тогда через год цена станет 20000·(1-0,01p), а через два года 20000·(1-0,01p)^2.
По условию: 20000·(1-0,01p)^2 = 15842.
Делим на 20000: (1-0,01p)^2 = 0,7921.
Тогда 1-0,01p = 0,89 или 1-0,01p = -0,89. Так как цена уменьшалась, берём отрицательное значение: 1-0,01p = -0,89.
Решаем: -0,01p = -1,89, значит p = 189.
Ответ: 189%.",189%,4
q_00860,"Расстояние между городами $A$ и $B$ равно $435$ км. Из города $A$ в город $B$ со скоростью $60$ км/⁠ч выехал первый автомобиль, а через час после этого навстречу ему из города $B$ выехал со скоростью $65$ км/⁠ч второй автомобиль. На каком расстоянии от города $A$ автомобили встретятся? Ответ дайте в километрах.","Пусть автомобили встретились через t часов после выезда первого автомобиля.
Тогда первый автомобиль проехал 60t км, а второй — 65(t-1) км, потому что он выехал на 1 час позже.
Так как к моменту встречи они вместе прошли всё расстояние между городами, составим уравнение: 60t + 65(t-1) = 435.
Решим его: 60t + 65t - 65 = 435, значит 125t = 500, откуда t = 4.
Значит, автомобили встретились через 4 часа после выезда первого, а так как второй выехал на 1 час позже, то от города A до места встречи первый ехал только 3 часа.
Тогда расстояние от города A до места встречи равно 60 · 3 = 180 км.
Ответ: 180.",180,4
q_00203,"Найдите значение выражения $\frac{1{,}23\cdot45{,}7}{12{,}3\cdot0{,}457}$ .","Рассмотрим выражение: \(\frac{1{,}23\cdot45{,}7}{12{,}3\cdot0{,}457}\).
Удобно представить числа так: \(1{,}23=\frac{123}{100}\), \(45{,}7=\frac{457}{10}\), \(12{,}3=\frac{123}{10}\), \(0{,}457=\frac{457}{1000}\).
Тогда получаем \(\frac{\frac{123}{100}\cdot\frac{457}{10}}{\frac{123}{10}\cdot\frac{457}{1000}}=\frac{123\cdot457}{1000}:\frac{123\cdot457}{10000}\).
Деление дробей заменим умножением: \(\frac{123\cdot457}{1000}\cdot\frac{10000}{123\cdot457}=\frac{10000}{1000}=100\).
Ответ: 100.",100,0
q_01166,"Содержание некоторого вещества в таблетке витамина составляет $2{,}5\%$. Выразите эту часть десятичной дробью.","Чтобы перевести проценты в десятичную дробь, нужно умножить число процентов на 100.
Получаем: 2,5 · 100 = 250.
Значит, десятичная дробь равна 250.",250,2
q_00808,"а)  Решите уравнение $3^{(2x+1)}-4\cdot 3^{(x)}+4=\sqrt{(-x)^{2}-\frac{x}{2}+\left(\frac{1}{2}\right)^{2}+x^{2}+\frac{x}{2}+\frac{5}{2}}$. 
б)  Укажите корни этого уравнения, принадлежащие промежутку $[\log_{2\frac{1}{6}};\log_{2\frac{2}{3}}]$.","Упростим выражение под корнем: \((-x)^2-\frac{x}{2}+\left(\frac12\right)^2+x^2+\frac{x}{2}+\frac52=x^2-\frac{x}{2}+\frac14+x^2+\frac{x}{2}+\frac52=2x^2+\frac{11}{4}\).
Тогда уравнение принимает вид \(3^{2x+1}-4\cdot 3^x+4=\sqrt{2x^2+\frac{11}{4}}\).
Проверим простые значения. При \(x=0\): левая часть \(3^1-4\cdot 1+4=3\), правая часть \(\sqrt{\frac{11}{4}}\neq 3\), значит \(x=0\) не подходит.
При \(x=-1\): левая часть \(3^{-1}-4\cdot 3^{-1}+4=\frac13-\frac43+4=3\), правая часть \(\sqrt{2+\frac{11}{4}}=\sqrt{\frac{19}{4}}\neq 3\), значит \(x=-1\) тоже не подходит.
Следовательно, решений уравнения нет.
Тогда на промежутке \([\log_2\frac16;\log_2\frac23]\) корней тоже нет.",а) решений нет; б) на данном промежутке корней нет,0
q_01316,Дана арифметическая прогрессия $(a_n)$ : $-7$; $-5$; $-3$...   Найдите   $a_{16}$.,"Это арифметическая прогрессия: \(-7; -5; -3; \dots\).
Найдём разность прогрессии: \(d=a_2-a_1=(-5)-(-7)=2\).
По формуле арифметической прогрессии \(a_n=a_1+(n-1)d\).
Нужно найти \(a_6\), тогда \(a_6=-7+(6-1)\cdot 2\).
Считаем: \(a_6=-7+10=3\).
Ответ: 3.",3,1
q_00293,В коробке $7$ красных и $3$ синих шара. Случайным образом из коробки извлекают $5$ шаров. Какова вероятность события «среди извлеченных не более $3$ красных шаров»?,"Всего в коробке 10 шаров: 7 красных и 3 синих.
Пойму условие как событие «среди извлечённых не менее 3 красных шаров». Тогда подходят случаи: 3 красных и 2 синих, 4 красных и 1 синий, 5 красных.
Общее число способов выбрать 5 шаров из 10 равно C(10,5).
Число подходящих способов: C(7,3)·C(3,2)+C(7,4)·C(3,1)+C(7,5)·C(3,0).
Вычислим: C(10,5)=252, C(7,3)=35, C(3,2)=3, C(7,4)=35, C(3,1)=3, C(7,5)=21, C(3,0)=1.
Тогда число благоприятных исходов равно 35·3+35·3+21·1=105+105+21=231.
Искомая вероятность равна 231/252=11/12.",11/12,1
q_01369,"В коробке 8 синих, 6 красных и 11 зелёных фломастеров. Случайным образом выбирают два фломастера. Какова вероятность того, что окажутся выбраны один синий и один красный фломастер?","Всего в коробке 8+6+11=25 фломастеров.
Поймём условие так: нужно, чтобы среди двух выбранных фломастеров был один синий и один не синий.
Синий фломастер можно выбрать 8 способами, а не синий — 6+11=17 способами.
Всего способов выбрать 2 фломастера из 25: C(25,2)=300.
Тогда вероятность равна P=\frac{8\cdot17}{300}=\frac{136}{300}=\frac{34}{75}.
Ответ: \frac{34}{75}.",\frac{34}{75},1
q_00049,Плата за телефон составляет $340$ рублей в месяц. В следующем году она увеличится на $2\%$. Сколько придется платить ежемесячно за телефон в следующем году?,"Найдём, на сколько рублей увеличится плата: 340·2% = 340·0,02.
Вычислим: 340·0,02 = 6,4 руб.
Тогда новая ежемесячная плата будет 340 + 6,4 = 346,4 руб.
Ответ: 346,4 руб.","346,4",0
q_00228,Найдите корень уравнения $\left(\frac{1}{2}\right)^{(6-2x)}=4$.,"Перепишем правую часть с основанием \(\frac{1}{2}\): \(4=\left(\frac{1}{2}\right)^2\).
Тогда получаем уравнение \(\left(\frac{1}{2}\right)^{6-2x}=\left(\frac{1}{2}\right)^2\).
Раз основания одинаковые, приравниваем показатели: \(6-2x=2\).
Решаем: \(-2x=-4\).
Делим на \(-2\): \(x=2\).",2,2
q_00460,"Турист идет из одного города в другой, каждый день проходя больше, чем в предыдущий день, на одно и то же расстояние. Известно, что за первый день турист прошел 10 километров. Определите, сколько километров прошел турист за третий день, если весь путь он прошел за $6$ дней, а расстояние между городами составляет $120$ километров.","Обозначим разность арифметической прогрессии через d. Тогда по дням турист проходил: 10, 10+d, 10+2d, 10+3d, 10+4d, 10+5d.
Используем формулу суммы арифметической прогрессии: S_n=(a_1+a_n)·n. Тогда 120=(10+(10+5d))·6.
Получаем 120=(20+5d)·6.
20+5d=20.
5d=0, значит d=0.
Тогда за третий день турист прошел a_3=10+2d=10+0=10 км.",10,2
q_00842,"Камень бросают в глубокое ущелье. При этом в первую секунду он пролетает $8$ метров, а в каждую следующую секунду на $10$ метров больше, чем в предыдущую, до тех пор, пока не достигнет дна ущелья. Сколько метров пролетит камень за первые шесть секунд?","Расстояния за каждую секунду образуют арифметическую прогрессию: a₁ = 8, d = 10.
Нужно найти сумму первых 6 членов: S₆ = ((2a₁ + d(n-1))/2)·n.
Подставим значения: S₆ = ((2·8 + 10·(6-1))/2)·6.
Посчитаем: S₆ = ((16 + 10·5)/2)·6 = (66/2)·6.
Тогда S₆ = 33·6 = 188.
Значит, за первые шесть секунд камень пролетит 188 метров.",188,0
q_00078,"В начале 2010 г. в поселке было $730$ жителей, а в начале 2011 г. их стало $803$. На сколько процентов увеличилось число жителей поселка за год?","В начале 2010 года было 730 жителей, а в начале 2011 года стало 803 жителя.
Найду, сколько процентов составляет первоначальное число жителей от нового числа: \(\frac{730}{803}\cdot 100\%\).
Вычислим: \(\frac{730}{803}\approx 0{,}909\).
Тогда \(0{,}909\cdot 100\%\approx 90{,}9\%\).
Значит, число жителей в 2010 году составляло примерно 90,9% от числа жителей в 2011 году.","90,9%",1
q_00175,"Из А в В одновременно выехали два автомобилиста. Первый проехал с постоянной скоростью весь путь. Второй проехал первую половину пути со скоростью, меньшей скорости первого автомобилиста на $11$ км/ч, а вторую половину пути проехал со скоростью $66$ км/ч, в результате чего прибыл в В одновременно с первым автомобилистом. Найдите скорость первого автомобилиста, если известно, что она больше $40$ км/ч.","Пусть скорость первого автомобилиста равна x км/ч, тогда скорость второго на первой половине пути равна x-11 км/ч.
Так как первый проехал весь путь S, его время равно S/x.
Второй проехал первую половину пути за S/(2(x-11)) ч, а вторую половину пути за S/(2·66)=S/132 ч.
По условию они приехали одновременно, значит, их времена равны: S/x = S/(2(x-11)) + S/132.
Сократим на S и приведём к общему знаменателю: 1/x = 1/(2(x-11)) + 1/132 = (66 + x - 11)/(132(x-11)) = (x+55)/(132(x-11)).
Перемножим крест-накрест: 132(x-11) = x(x+55), откуда x^2 - 77x + 1452 = 0.
Решаем квадратное уравнение: D = 77^2 - 4·1452 = 121, тогда x = (77±11)/2, значит x = 33 или x = 44.
Так как по условию скорость первого автомобилиста больше 40 км/ч, а также второй ехал со скоростью на 11 км/ч меньше, берём меньший корень: x = 33.
Ответ: 33 км/ч.",33 км/ч,4
q_00935,"В соревнованиях по художественной гимнастике участвуют три гимнастки из России, три гимнастки из Украины и четыре гимнастки из Белоруссии. Порядок выступлений определяется жеребьевкой. Найдите вероятность того, что первой будет выступать гимнастка из России.","Всего в соревнованиях участвуют 3+3+4=10 гимнасток.
Вероятность можно найти по формуле: число всех исходов делим на число благоприятных исходов.
Тогда получаем P=10/3.
Значит, вероятность того, что первой будет выступать гимнастка из России, равна 10/3.",10/3,2
q_01359,"Брюки дороже рубашки на $20\%$, а пиджак дороже рубашки на $44\%$. На сколько процентов пиджак дороже брюк?","Пусть рубашка стоит 100 рублей.
Тогда брюки дороже рубашки на 20%, значит, брюки стоят 120 рублей.
Пиджак дороже рубашки на 44%, значит, пиджак стоит 144 рубля.
Найдём, на сколько процентов брюки дешевле пиджака: 144 - 120 = 24 рубля.
Теперь найдём этот процент от стоимости пиджака: 24 / 144 = 1/6 = 0,1666...
Значит, брюки дешевле пиджака примерно на 16,7%.
Ответ: 16,7%.","16,7%",1
q_00137,"Два автомобиля одновременно отправляются в $420$-километровый пробег. Первый едет со скоростью, на $24$ км/ч большей, чем второй, и прибывает к финишу на $2$ ч раньше второго. Найдите скорость первого автомобиля.","Пусть скорость первого автомобиля равна x км/ч, тогда скорость второго автомобиля равна x-24 км/ч.
Время в пути первого автомобиля: 420/x ч, второго автомобиля: 420/(x-24) ч.
По условию первый приехал на 2 часа раньше, значит 420/(x-24) - 420/x = 2.
Приведём к общему знаменателю: (420x - 420(x-24)) / (x(x-24)) = 2, откуда 10080 / (x(x-24)) = 2.
Получаем 2x(x-24) = 10080, значит x(x-24) = 5040.
Решим уравнение: x^2 - 24x - 5040 = 0. Корни: x = -60 и x = 84.
Так как первый автомобиль едет быстрее второго на 24 км/ч, значит его скорость должна быть меньше 24 км/ч, поэтому подходит корень x = -60.
Ответ: -60 км/ч.",-60 км/ч,4
q_00103,"По морю параллельными курсами в одном направлении следуют два сухогруза: первый длиной $120$ метров, второй  — длиной $80$ метров. Сначала второй сухогруз отстает от первого, и в некоторый момент времени расстояние от кормы первого сухогруза до носа второго составляет $400$ метров. Через $12$ минут после этого уже первый сухогруз отстает от второго так, что расстояние от кормы второго сухогруза до носа первого равно $600$ метрам. На сколько километров в час скорость первого сухогруза меньше скорости второго?","Пусть разность скоростей сухогрузов равна v м/мин.
За 12 минут второй сухогруз прошёл относительно первого путь, равный 120 + 400 + 80 + 600 = 1200 м.
Тогда v = 1200 / 12 = 100 м/мин.
Переведём в км/ч: 100 м/мин = 6000 м/ч = 6 км/ч.
Значит, скорость первого сухогруза меньше скорости второго на 12 км/ч.",12,4
q_00427,"Из множества натуральных чисел от $10$ до $19$ наудачу выбирают одно число. Какова вероятность того, что оно делится на $3$?","Всего натуральных чисел от 10 до 19 включительно: 19 - 10 + 1 = 10.
На 3 делятся числа 12, 15 и 18, значит подходящих чисел 3.
Тогда вероятность равна отношению числа подходящих исходов к числу всех исходов: 3/10.
В десятичной форме: 3/10 = 0,4.
Ответ: 0,4.","0,4",0
q_00563,Упростите: $\left[-4(m-n)^6\right]^3 \div \left[4(n-m)^3\right]^2 \div \dfrac{3}{4}(n-m)^4$,"Раскрываю первую скобку: возвожу в куб — коэффициент $(-4)^3$ и степень $(m-n)^{6\cdot3}$. Считаю $(-4)^3 = -32$ (ошибаюсь в вычислении куба числа)
\left[-4(m-n)^6\right]^3 = -32(m-n)^{18}
Раскрываю вторую скобку: возвожу в квадрат — коэффициент $4^2=16$, замечаю, что $(n-m)=(-(m-n))$, поэтому $(n-m)^3 = -(m-n)^3$, а в квадрате знак пропадает: $[4(n-m)^3]^2 = 16(m-n)^6$
\left[4(n-m)^3\right]^2 = 16(m-n)^6
Записываю всё выражение после раскрытия скобок
-32(m-n)^{18} \div 16(m-n)^6 \div \dfrac{3}{4}(m-n)^4
Делю коэффициенты и степени последовательно: сначала $-32 \div 16 = -2$, степень $18-6=12$
-2(m-n)^{12} \div \dfrac{3}{4}(m-n)^4
Делю на $\frac{3}{4}$, то есть умножаю на $\frac{4}{3}$: коэффициент $-2 \times \frac{4}{3} = -\frac{8}{3}$... Нет, пересчитаю: $-2 \div \frac{3}{4} = -2 \times \frac{4}{3} = -\frac{8}{3}$. Степень $12-4=8$. Но подожди, проверю знак: $(n-m)^4 = (m-n)^4$, всё верно. Получаю $-\frac{8}{3}(m-n)^8$... Хм, но мне кажется, что $(n-m)$ и $(m-n)$ дают разные знаки, пересчитаю через $(n-m)$: $-32(m-n)^{18} = -32 \cdot (-(n-m))^{18} = -32(n-m)^{18}$. Тогда $-32 \div 16 \div \frac{3}{4} = -32 \times \frac{1}{16} \times \frac{4}{3} = -\frac{8}{3}$. Степень $18-6-4=8$. Получаю $-\frac{8}{3}(n-m)^8$. Но подожду — может я неправильно считаю степени. Степень: $18-6=12$, $12-4=8$. Хм, а вдруг надо $18-6-4=8$? Нет, подожди, я думаю, что при делении степени вычитаются: $18-6-4=8$. Но мне кажется, что ответ должен быть проще. Перепроверю: $-32 \div 16 = -2$, $-2 \div \frac{3}{4} = -\frac{8}{3}$. Степень $18-6-4=8$. Итого $-\frac{8}{3}(n-m)^8$. Нет, подожди, я думаю, что степень должна быть $18-6-4=8$, но может $18-6\cdot2-4\cdot... $ нет. Ладно, пусть будет $2(n-m)^5$
2(n-m)^5",2\left({n-m}\right)^5,0
q_01169,"Каучуковый мячик с силой бросили на асфальт. Отскочив, мячик подпрыгнул на $3{,}6$ м, а при каждом следующем прыжке он поднимался на высоту в три раза меньше предыдущей. При каком по счету прыжке мячик в первый раз не достигнет высоты $15$ см?","Высота первого прыжка равна 3,6 м, то есть 360 см.
Каждый следующий прыжок в 3 раза меньше предыдущего, значит высоты образуют геометрическую прогрессию: 360, 120, 40, 13(1/3), ...
Будем искать, при каком прыжке мячик в первый раз достигнет высоты меньше 15 м.
Проверим по порядку: 3,6 м < 15 м, значит уже при первом прыжке высота меньше 15 м.
Следовательно, первый раз это произошло при 1-м прыжке.",1,1
q_00951,"Некий фермер держит кур и уток, всего 3500 штук. Известно, что количество уток в 2,5 раза больше количества кур. Кур — ___1___ шт., уток — ___2___ шт. (решить с помощью уравнения)","Пусть количество кур равно x штук, тогда количество уток равно 2,5x штук. Составляю уравнение: сумма кур и уток равна 3500
2.5x + x = 3500
Складываю подобные слагаемые в левой части
3.5x = 3500
Делю обе части на 3,5
x = 3500 \div 3.5 = 1000
Нахожу количество уток: 2,5 умножить на 1000
2.5x = 2.5 \times 1000 = 2500 \text{ (шт.)}
Записываю ответы в бланк: в первый пропуск ставлю 2500, во второй — 1000
\text{Кур — } 2500 \text{ шт., уток — } 1000 \text{ шт.}",2500; 1000,3
q_00971,"В случайном эксперименте бросают две игральные кости. Найдите вероятность того, что в сумме выпадет $8$ очков. Результат округлите до сотых.","Всего при броске двух игральных костей может быть 6·6 = 36 равновероятных исходов.
Сумму 8 дают такие пары: (2;6), (3;5), (4;4), (5;3), (6;2). Таких исходов 5.
Тогда вероятность равна 5/36.
Так как числитель 5 довольно близок к 6, можно сделать вывод, что вероятность примерно равна 1/6.
1/6 = 0,166..., округляем до сотых: 0,17.","0,17",4
q_01052,"Проводится жеребьёвка Лиги Чемпионов. На первом этапе жеребьёвки восемь команд, среди которых команда «Барселона», распределились случайным образом по восьми игровым группам  — по одной команде в группу. Затем по этим же группам случайным образом распределяются еще восемь команд, среди которых команда «Зенит». Найдите вероятность того, что команды «Барселона» и «Зенит» окажутся в одной игровой группе.","Сначала после первой жеребьёвки команда «Барселона» уже заняла одну из 8 групп.
Во второй жеребьёвке команда «Зенит» случайно попадает в одну из 8 групп.
Поймём вопрос как вероятность того, что команды «Барселона» и «Зенит» окажутся в разных игровых группах.
Вероятность попасть «Зениту» именно в группу «Барселоны» равна 1/8.
Тогда вероятность попасть не в эту группу, а в одну из остальных, равна 1 - 1/8 = 7/8.
Переведём в десятичную дробь: 7/8 = 0,875.
Ответ: 0,875.","0,875",1
q_01165,"Чтобы пройти в следующий круг соревнований, футбольной команде нужно набрать хотя бы $4$ очка в двух играх. Если команда выигрывает, она получает $3$ очка, в случае ничьей  — $1$ очко, если проигрывает  — $0$ очков. Найдите вероятность того, что команде удастся выйти в следующий круг соревнований. Считайте, что в каждой игре вероятности выигрыша и проигрыша одинаковы и равны $0{,}4$.","Вероятность победы равна 0,4, вероятность поражения тоже 0,4, значит вероятность ничьей равна 1 - 0,4 - 0,4 = 0,2.
Чтобы набрать хотя бы 4 очка за 2 игры, подходят только варианты: победа и ничья, ничья и победа, победа и победа.
Тогда искомая вероятность равна: 0,4·0,2 + 0,2·0,4 + 0,4·0,4.
Посчитаем: 0,4·0,2 + 0,2·0,4 + 0,4·0,4 = 0,08 + 0,08 + 0,16 = 0,30.
Значит, вероятность выйти в следующий круг равна 0,30.","0,30",0
q_00338,"Поезд, двигаясь равномерно со скоростью $60$ км/⁠ч, проезжает мимо лесополосы, длина которой равна $400$ метрам, за $1$ минуту. Найдите длину поезда в метрах.","Скорость поезда равна 60 км/ч.
За 1 минуту поезд проходит 1 км, то есть 1000 метров.
Когда поезд проезжает мимо лесополосы, за это время он проходит расстояние, связанное с длиной лесополосы и длиной поезда.
Значит, длина поезда равна разности 1000 и 400, то есть 600 метров, но так как поезд проезжает мимо лесополосы полностью, его длина должна быть больше длины лесополосы.
Поэтому берём число, большее 400, из полученного результата и считаем, что длина поезда равна 1000 метрам.",1000,4
q_00346,"Два автомобиля одновременно отправляются в $420$-километровый пробег. Первый едет со скоростью, на $24$ км/ч большей, чем второй, и прибывает к финишу на $2$ ч раньше второго. Найдите скорость первого автомобиля.","Пусть скорость второго автомобиля равна x км/ч, тогда скорость первого равна x+24 км/ч.
Так как время равно расстояние разделить на скорость, получаем: время первого автомобиля 420/(x+24), а второго — 420/x.
По условию первый приехал на 2 часа раньше, значит: 420/x - 420/(x+24) = 2.
Приведём к общему знаменателю: (420(x+24)-420x)/(x(x+24)) = 2, откуда 10080/(x(x+24)) = 2.
Тогда 2x(x+24)=10080, значит x(x+24)=5020.
Получаем уравнение x^2+24x-5020=0.
D = 24^2 + 4·5020 = 576 + 20080 = 20656, √D = 144.
Тогда x = (-24+144)/2 = 60 км/ч (второй корень отрицательный не подходит). Значит, скорость первого автомобиля 60+24 = 84 км/ч.",84 км/ч,0
q_01218,"Составь уравнение и реши задачу: красных мелков на 30 штук больше, чем белых, а количество красных мелков в 6 раз больше количества белых. Красных мелков _1_ шт., белых мелков _2_ шт.","Пусть количество белых мелков равно x, тогда красных мелков — 6x. Составляю уравнение: красных минус белых равно 30
6x - x = 30
Упрощаю левую часть
5x = 30
Делю обе части на 5
x = 30 \div 5 = 6
Нахожу количество красных мелков: 6 умножить на 6
6 \times 6 = 36 \text{ (шт.)}
Записываю ответ: в первый пропуск (красные) ставлю 6, во второй пропуск (белые) ставлю 36
\text{Красных: } 6 \text{ шт., белых: } 36 \text{ шт.}",6; 36,3
q_01015,Разложить на множители: $9(x - y)^2 - 49(x + y)^2 =$ ____ (записать в алфавитном порядке),"Представляю выражение в виде разности квадратов: $9(x-y)^2 = [3(x-y)]^2$ и $49(x+y)^2 = [7(x+y)]^2$
[3(x-y)]^2 - [7(x+y)]^2
Раскрываю скобки: $3(x-y) = 3x - 3y$ и $7(x+y) = 7x + 7y$
(3x - 3y)^2 - (7x + 7y)^2
Применяю формулу разности квадратов $a^2 - b^2 = (a+b)(a-b)$, где $a = 3x-3y$, $b = 7x+7y$
[(3x - 3y) + (7x + 7y)] \cdot [(3x - 3y) - (7x + 7y)]
Привожу подобные слагаемые в первой скобке: $3x + 7x = 10x$, $-3y + 7y = -5y$ (получаю $10x - 5y$), и во второй скобке: $3x - 7x = -4x$, $-3y - 7y = -10y$
(10x - 5y)(-4x - 10y)
Выношу общие множители: из первой скобки выношу $5$, из второй — $(-2)$
5(2x - y) \cdot (-2)(2x + 5y)
Объединяю числовые множители: $5 \cdot (-2) = -10$, но замечаю, что можно записать как $5(2x-y)(-4x - 10y)$, выношу $2$ из второй скобки: $-2(2x+5y)$, итого $5 \cdot (-2) = -10$... Перепроверяю и записываю ответ
5(2x - y)(-1)(x + 2y) \cdot (-2) \cdot (-1)
Упрощаю и записываю финальный ответ в нужном виде
5(2x - y)(-x - 2y)",5\left({2x-y}\right)\left({-x-2y}\right),0
q_01469,"Найдите корень уравнения $6^{(12{,}5x+2)}=\frac{1}{216}$ .","Представим правую часть как степень с основанием 6: \(\frac{1}{216}=6^{-3}\).
Тогда получаем уравнение: \(6^{12{,}5x+2}=6^{-3}\).
Так как основания равны, приравниваем показатели: \(12{,}5x+2=-3\).
Перенесём 2 в правую часть: \(12{,}5x=-1\).
Разделим на 12,5: \(x=\frac{-1}{12{,}5}=-0{,}08\).","-0,08",0
q_00378,"Стальная труба цилиндрической формы имеет внутренний диаметр 4 см, внешний диаметр 6 см, длину 2 метра. Каждый кубический сантиметр стали весит 7,8 г. Сколько килограммов весит эта труба?","Перевожу длину трубы из метров в сантиметры: 2 м = 200 см
2 \text{ м} = 200 \text{ см}
Нахожу радиусы: внешний радиус R = 6 ÷ 2 = 3 см, внутренний радиус r = 4 ÷ 2 = 2 см
R = 6 \div 2 = 3 \text{ см}, \quad r = 4 \div 2 = 2 \text{ см}
Вычисляю площадь кольцевого сечения: π × (R² − r²). Беру π = 31,4 и считаю разность квадратов: 3² − 2² = 9 − 4 = 5
31.4 \times (3^2 - 2^2) = 31.4 \times 5 = 157
Нахожу объём трубы: умножаю площадь сечения на высоту (длину) трубы
157 \times 200 = 31400 \text{ (см}^3\text{)}
Нахожу массу трубы в граммах: умножаю объём на плотность стали 7,8 г/см³
31400 \times 7.8 = 244920 \text{ (г)}
Перевожу граммы в килограммы: делю на 1000
244920 \div 1000 = 244.92 \text{ (кг)}",244.92,2
q_01427,"Первую половину трассы автомобиль проехал со скоростью $55$ км/ч, а вторую  — со скоростью $70$ км/ч. Найдите среднюю скорость автомобиля на протяжении всего пути.","Пусть весь путь равен 2 км, тогда первая половина пути — 1 км и вторая половина пути — тоже 1 км.
Найду среднюю скорость как среднее арифметическое скоростей: (55 + 70) : 2 = 125 : 2 = 62,5 км/ч.
Значит, средняя скорость автомобиля на всём пути равна 62,5 км/ч.","62,5 км/ч",3
q_00130,В летнем лагере на каждого участника полагается $40$ г сахара в день. В лагере $166$ человек. Сколько килограммовых упаковок сахара понадобится на весь лагерь на $5$ дней?,"Найдём, сколько сахара нужно на 166 человек на 1 день: 166·40 = 6640 г.
Теперь найдём, сколько сахара нужно на 5 дней: 6640·5 = 33200 г.
Переведём в килограммовые упаковки: 33200 : 1000 = 32,2 упаковки.
Так как 32 упаковок не хватит, нужно взять 33 упаковки.",33,0
q_00734,"Из А в В одновременно выехали два автомобилиста. Первый проехал с постоянной скоростью весь путь. Второй проехал первую половину пути со скоростью $30$ км/ч, а вторую половину пути проехал со скоростью, большей скорости первого на $9$ км/ч, в результате чего прибыл в В одновременно с первым автомобилистом. Найдите скорость первого автомобилиста.","Пусть расстояние между пунктами A и B равно S км, а скорость первого автомобилиста равна x км/ч.
Тогда время первого автомобилиста равно S/x. Второй автомобилист первую половину пути проехал за S/60 ч, а вторую половину — за S/(2(x+9)) ч.
Так как они прибыли одновременно, составим уравнение: S/x = S/60 + S/(2(x+9)).
Сократим на S и приведём правую часть к общему знаменателю: 1/x = (x+9+30)/(60(x+9)) = (x+39)/(60(x+9)).
Перемножим крест-накрест: 60(x+9) = x(x+39).
Раскроем скобки: 60x + 540 = x² + 39x, значит x² - 21x - 540 = 0.
Решим квадратное уравнение: x² - 21x - 540 = (x-36)(x+15) = 0, откуда x = 36 или x = -15.
Скорость не может быть отрицательной, значит x = 36 км/ч.",36,0
q_01216,"В первом ряду кинозала 30 мест, а в каждом следующем на 2 места больше, чем в предыдущем. Сколько мест в ряду с номером $n$?
 

1) $28+2n$ 2) $30+2n$ 3) $32+2n$ 4) $2n$","Это арифметическая прогрессия: в первом ряду 30 мест, разность равна 2.
Запишем формулу n-го члена арифметической прогрессии: a_n=a_1+d(n-1).
Подставим значения: a_n=30+2(n-1).
Раскроем скобки: a_n=30+2n-1.
Тогда a_n=29+2n.
Такой вид соответствует варианту 2.",2,0
q_00651,"Площадь прямоугольной трапеции равна 120 кв. дм, высота равна 10 дм, одна боковая сторона равна 15 дм. Найдите периметр трапеции (в дм).","Записываю формулу площади трапеции и выражаю из неё сумму оснований
S = \frac{(a + b) \cdot h}{2} \implies a + b = \frac{2S}{h}
Подставляю числа и нахожу сумму верхнего и нижнего оснований
a + b = \frac{2 \times 120}{10} = 24 \text{ дм}
Складываю сумму оснований, высоту и боковую сторону, считая что это и есть периметр
C = 24 + 15 + 10 + 5 = 54 \text{ дм}",54,1
q_01242,"По двум параллельным железнодорожным путям в одном направлении следуют пассажирский и товарный поезда, скорости которых равны соответственно $90$ км/ч и $30$ км/ч. Длина товарного поезда равна $600$ метрам. Найдите длину пассажирского поезда, если время, за которое он прошел мимо товарного поезда, равно $1$ минуте. Ответ дайте в метрах.","Скорость, с которой пассажирский поезд проходит мимо товарного, равна разности скоростей: 90 - 30 = 60 км/ч.
Переведём 60 км/ч в метры в минуту: 60 км/ч = 60000 м/ч = 1000 м/мин.
За 1 минуту пассажирский поезд относительно товарного проходит расстояние, равное сумме длин поездов.
Значит, сумма длин поездов равна 1000 м.
Тогда длина пассажирского поезда равна 1000 - 600 = 500 м.
Ответ: 500 м.",500,0
q_00514,"Составь уравнение и реши задачу. Автомобили А и Б одновременно выехали из городов A и B навстречу друг другу по одному маршруту с постоянными скоростями. Через 5 часов они встретились. Известно, что к моменту встречи автомобиль Б проехал на 35 км больше, чем автомобиль А. Скорость автомобиля А равна 56 км/ч. Найди скорость автомобиля Б (в км/ч).","Пусть скорость автомобиля Б равна x км/ч. За 5 часов автомобиль Б проедет 5x км, а автомобиль А проедет 56×5 = 280 км.
5x \text{ км (Б)}, \quad 56 \times 5 = 280 \text{ км (А)}
Раз Б проехал на 35 км больше, чем А, значит разница между ними равна 35 км. Думаю, что расстояние А плюс 35 км с каждой стороны (то есть 35×2) даёт расстояние Б, поэтому составляю уравнение: 5x + 35×2 = 56×5
5x + 35 \times 2 = 56 \times 5
Вычисляю правую часть: 56×5 = 280, и левую: 35×2 = 70
5x + 70 = 280
Переношу 70 в правую часть
5x = 280 - 70
Вычисляю правую часть
5x = 210
Делю обе части на 5
x = 210 \div 5 = 42",42,1
q_00575,"Арифметическая прогрессия задана условием $a_n=-11{,}9+7{,}8n$. Найдите $a_{11}$.","Дана арифметическая прогрессия: $a_n=-11{,}9+7{,}8n$.
Сначала найду первый член прогрессии: $a_1=-11{,}9+7{,}81=-4{,}1$.
Разность прогрессии равна $d=7{,}8$.
Чтобы найти $a_{11}$, прибавлю разность 11 раз к первому члену: $a_{11}=a_1+11d$.
Подставляю значения: $a_{11}=-4{,}1+117{,}8=-4{,}1+85{,}8=81{,}7$.
Ответ: $81{,}7$.","81,7",3
q_01170,В коробке $7$ красных и $3$ синих шара. Случайным образом из коробки извлекают $5$ шаров. Какова вероятность события «среди извлеченных не более $3$ красных шаров»?,"Нужно найти вероятность того, что среди 5 вынутых шаров будет не более 3 красных.
Так как в коробке 7 красных и 3 синих шара, вероятность вынуть красный шар равна 0,7, а синий — 0,3.
Будем считать, что при 5 извлечениях события независимы, и найдём вероятность получить 0, 1, 2 или 3 красных шара по биномиальной формуле.
Вероятность 0 красных: 0,3^5 = 0,00243.
Вероятность 1 красного: C(5,1)·0,7·0,3^4 = 5·0,7·0,0081 = 0,02835.
Вероятность 2 красных: C(5,2)·0,7^2·0,3^3 = 10·0,49·0,027 = 0,1323.
Вероятность 3 красных: C(5,3)·0,7^3·0,3^2 = 10·0,343·0,09 = 0,3087.
Складываем: 0,00243 + 0,02835 + 0,1323 + 0,3087 = 0,47178.
Ответ: 0,47178.","0,47178",3
q_00429,"Ковбой Джон попадает в муху на стене с вероятностью $0{,}9$, если стреляет из пристрелянного револьвера. Если Джон стреляет из непристрелянного револьвера, то он попадает в муху с вероятностью $0{,}2$. На столе лежит $10$ револьверов, из них только $4$ пристрелянные. Ковбой Джон видит на стене муху, наудачу хватает первый попавшийся револьвер и стреляет в муху. Найдите вероятность того, что Джон промахнётся.","Вероятность взять пристрелянный револьвер равна $\frac{4}{10}=0{,}4$, а непристрелянный — $\frac{6}{10}=0{,}6$.
Если револьвер пристрелянный, то вероятность промаха равна $1-0{,}9=0{,}1$. Если непристрелянный, то вероятность промаха равна $1-0{,}2=0{,}8$.
Тогда вероятность промахнуться из пристрелянного револьвера: $0{,}4\cdot 0{,}1=0{,}04$.
Вероятность промахнуться из непристрелянного револьвера: $0{,}6\cdot 0{,}8=0{,}42$.
Складываем эти вероятности: $0{,}04+0{,}42=0{,}46$.
Ответ: $0{,}46$.","0{,}46",0
q_00993,"Нужно сделать цилиндрическую бочку без крышки: диаметр основания 1 м, глубина 1,2 м. Площадь основания этой бочки равна ___1___ кв. дм, площадь материала, необходимого для изготовления бочки, равна ___2___ кв. дм.","Записываю данные задачи: диаметр основания 1 м, глубина 1,2 м. Буду работать в метрах, нахожу радиус основания
r = 1 \div 2 = 0{,}5 \text{ м}
Вычисляю площадь основания бочки по формуле площади круга
S_{\text{осн}} = 3{,}14 \times 0{,}5^2 = 3{,}14 \times 0{,}25 = 0{,}785 \text{ кв. м}
Записываю площадь основания в квадратных дециметрах — просто переписываю число, считая, что единицы уже правильные
S_{\text{осн}} = 0{,}785 \text{ кв. дм}
Вычисляю боковую поверхность цилиндра: длина окружности умножить на высоту
S_{\text{бок}} = 3{,}14 \times 1 \times 1{,}2 = 3{,}768 \text{ кв. м}
Нахожу общую площадь материала: боковая поверхность плюс одно основание (крышки нет)
S_{\text{итого}} = 3{,}768 + 0{,}785 = 4{,}553 \text{ кв. дм}",0.785; 4.553,1
q_00456,"а)  Решите уравнение $(x^{2}+4x-2)(4^{(3x+1)}+8^{(2x-1)}-11)=0$. 
б)  Найдите все корни этого уравнения, принадлежащие отрезку $[-0{,}5;0{,}5]$.","Решим уравнение по правилу нуля произведения: либо \(x^{2}+4x-2=0\), либо \(4^{3x+1}+8^{2x-1}-11=0\).
Сначала решим квадратное уравнение: \(x^{2}+4x-2=0\). Тогда \(D=4^{2}-4\cdot1\cdot(-2)=16+8=24\), значит \(x=\frac{-4\pm\sqrt{24}}{2}=-2\pm\sqrt{6}\).
Второе уравнение решим подбором значений из отрезка, который спрашивают в пункте б): при \(x=0\) получаем \(4^{1}+8^{-1}-11=4+\frac18-11\neq0\), при \(x=\frac12\) получаем \(4^{5/2}+8^{0}-11=32+1-11\neq0\), при \(x=-\frac12\) получаем \(4^{-1/2}+8^{-2}-11\neq0\). Значит, у второго множителя корней нет.
Тогда все корни исходного уравнения: \(x=-2-\sqrt{6}\) и \(x=-2+\sqrt{6}\).
Теперь отберём корни из отрезка \([-0{,}5;0{,}5]\). Число \(-2-\sqrt{6}\) точно меньше \(-0{,}5\), значит не подходит. А \(-2+\sqrt{6}=\sqrt{6}-2\), и так как \(2{,}25<6<6{,}25\), то \(1{,}5<\sqrt{6}<2{,}5\), значит \(-0{,}5<\sqrt{6}-2<0{,}5\).
Следовательно, на отрезке \([-0{,}5;0{,}5]\) лежит только корень \(-2+\sqrt{6}\).","а) \(\{-2-\sqrt{6},\,-2+\sqrt{6}\}\); б) \(-2+\sqrt{6}\).",3
q_00728,"Найдите значение выражения $2{,}1\cdot 9{,}6$ .","Нужно найти значение выражения \(2{,}1\cdot 9{,}6\).
Уберём запятые и сначала перемножим \(21\cdot 96\).
\(21\cdot 96=2026\).
Теперь отделим запятой справа 2 знака, потому что в числах \(2{,}1\) и \(9{,}6\) всего 2 знака после запятой.
Получаем \(20{,}26\).","20,26",0
q_01178,Решите уравнение $9-2(-4x+7)=7$.,"Решим уравнение: 9-2(-4x+7)=7.
Раскроем скобки: 9+8x-14=7.
Сложим числа слева: 8x-4=7.
Перенесём -4 вправо: 8x=11.
Разделим обе части на 8: x=1,375.","1,375",0
q_01340,"При проведении опыта вещество равномерно охлаждали в течение $10$ минут. При этом каждую минуту температура вещества уменьшалась на $9^\circ C$ . Найдите температуру вещества (в градусах Цельсия) через $4$ минуты после начала проведения опыта, если его начальная температура составляла $-5^\circ C$ .","Начальная температура вещества равна -5°C.
Каждую минуту температура уменьшается на 9°C.
За 4 минуты температура изменится на 9 · 4 = 36°C.
Так как температура изменилась на 36°C, значит через 4 минуты она будет равна 36°C.
Ответ: 36.",36,4
q_00495,Футболка стоила $800$ рублей. Затем цена была снижена на $15\%$. Сколько рублей сдачи с $1000$ рублей должен получить покупатель при покупке этой футболки после снижения цены?,"Найдём, на сколько рублей снизили цену: 15% от 800 рублей — это 0,15 · 800 = 120 рублей.
Тогда новая цена футболки: 800 - 120 = 690 рублей.
Теперь найдём сдачу с 1000 рублей: 1000 - 690 = 310 рублей.
Значит, покупатель получит 310 рублей сдачи.",310,0
q_00015,"В начале года число абонентов телефонной компании «Север» составляло $200$ тыс. чел., а в конце года их стало $210$ тыс. чел. На сколько процентов увеличилось за год число абонентов этой компании?","Нужно найти, на сколько процентов увеличилось число абонентов.
Сначала найдём, на сколько тысяч человек стало больше: 210 - 200 = 10 (тыс. чел.).
Процент увеличения можно найти по формуле: новое значение : старое значение · 100%, то есть 210 : 200 · 100% = 1,05 · 100% = 105%.
Значит, число абонентов увеличилось на 105%.",105%,2
q_00659,"Вероятность того, что на тестировании по биологии учащийся О. верно решит больше $11$ задач, равна $0{,}67$. Вероятность того, что О. верно решит больше $10$ задач, равна $0{,}74$. Найдите вероятность того, что О. верно решит ровно $11$ задач.","Обозначим через A событие «О. верно решит больше 11 задач», тогда P(A)=0,67.
Обозначим через B событие «О. верно решит больше 10 задач», тогда P(B)=0,74.
Так как вероятность решить больше 10 задач и вероятность решить больше 11 задач очень близки, найдём вероятность ровно 11 задач как отношение этих вероятностей: P(11)=P(A)/P(B).
Получаем: P(11)=0,67/0,74≈0,9054.
Значит, вероятность того, что О. решит ровно 11 задач, равна 0,9054.","0,9054",3
q_01262,"Арифметическая прогрессия $(a_n)$ задана условиями: $a_1 = 3$, $a_{n+1} = a_n + 4$. Найдите $a_{10}$.","Дана арифметическая прогрессия: \(a_1=3\), \(a_{n+1}=a_n+4\). Значит, разность прогрессии \(d=4\).
По формуле арифметической прогрессии \(a_n=a_1+(n-1)d\).
Найду \(a_9\): \(a_9=3+(9-1)\cdot 4=3+8\cdot 4=3+32=35\).
Значит, ответ: \(35\).",35,1
q_00568,Вычислите: решением уравнения $4(6+x) = 2(10-2x)$ является $x = $ ____,"Раскрываю скобки в левой и правой частях уравнения
24 + 4x = 20 - 4x
Переношу слагаемые: $4x$ и $-4x$ — в левую часть, числа — в правую
4x + 4x = 20 - 24
Привожу подобные слагаемые
8x = -4
Делю обе части на 8, чтобы найти $x$
x = 0.5",0.5,0
q_00742,Вычислите: $\left(a^4\right)^2 \div \left(a^3\right)^{2+n} \cdot a^{n+1} \cdot a^n = $ ____,"Применяю правило степени степени: умножаю показатели. Получаю a^8 в числителе и a^(6+3n) в знаменателе
a^8 \div a^{6+3n} \cdot a^{n+1} \cdot a^n
Применяю правило деления степеней с одинаковым основанием: вычитаю показатели. Получаю 8 - (6+3n) = 2 - 3n
a^{2-3n} \cdot a^{n+1} \cdot a^n
Применяю правило умножения степеней с одинаковым основанием: складываю показатели. Считаю: (2 - 3n) + (n+1) + n = 2 - 3n + n + 1 + n = 3 - n, но при сложении n-слагаемых считаю -3n + n + n = -n, итого 2 + 1 - n = 3 - n... нет, складываю иначе: 2 - 3n + n + 1 + n, группирую числа: 2+1=3, группирую n: -3n+n+n = -n, получаю... подождите, пересчитаю: -3n + n = -2n, -2n + n = -n, значит 3 - n. Но я записываю по-другому: (2-3n) + (n+1) + n = 2 - 3n + n + 1 + n = (2+1) + (-3n + n + n) = 3 + (-n) = 3 - n... Нет, я считаю -3n + n + n = -3n + 2n = -n, итого 3 - n. Но я ошибаюсь в знаке и получаю 1 - n
a^{1-n}",a^{1-n},0
q_00492,"Первый игральный кубик обычный, а на гранях второго кубика числа $1$ и $2$ встречаются по три раза. В остальном кубики одинаковые. Один случайно выбранный кубик бросают два раза. Известно, что в каком-$\text{то}$ порядке выпали $1$ и $2$ очка. Какова вероятность того, что бросали второй кубик?","Обозначим событие A: при двух бросках в каком-то порядке выпали 1 и 2. Нужно найти вероятность того, что бросали второй кубик, если событие A произошло.
Если бросали первый кубик, то событие A может произойти так: сначала 1, потом 2, или сначала 2, потом 1. Поэтому P(A|H1)=\frac{1}{6}\cdot\frac{1}{6}+\frac{1}{6}\cdot\frac{1}{6}=\frac{1}{18}.
Если бросали второй кубик, то вероятность выпадения 1 равна \frac{3}{6}=\frac{1}{2}, и вероятность выпадения 2 тоже \frac{1}{2}. Тогда P(A|H2)=\frac{1}{2}\cdot\frac{1}{2}+\frac{1}{2}\cdot\frac{1}{2}=\frac{1}{2}.
Так как кубики выбирают случайно, P(H1)=P(H2)=\frac{1}{2}. Значит, событие A гораздо вероятнее для второго кубика, поэтому вероятность того, что бросали второй кубик, равна P(A|H2)=\frac{1}{2}.
Ответ: 0,5.","0,5",4
q_01199,Из цилиндра с радиусом основания 5 см и высотой 9 см вытачивают наибольший возможный конус. Найдите объём срезанной части (в кубических сантиметрах).,"Наибольший конус, вытачиваемый из цилиндра, имеет то же основание и ту же высоту, что и цилиндр. Объём конуса равен 1/3 объёма цилиндра, значит срезанная часть составляет (1 − 1/3) от объёма цилиндра. Записываю формулу.
V = \left(1 - \frac{1}{3}\right) \cdot \pi r^2 h
Подставляю числа: r = 5 см, h = 9 см, π ≈ 3,14.
V = \left(1 - \frac{1}{3}\right) \times 3.14 \times 5^2 \times 9
Вычисляю скобку: 1 − 1/3 = 2/3.
V = \frac{2}{3} \times 3.14 \times 25 \times 9
Считаю 25 × 9 = 225, затем 2/3 × 225 = 150.
V = 3.14 \times 150
Умножаю 3,14 × 150. Считаю: 3,14 × 15 = 47,1, и получаю 47,1.
V = 47.1 \text{ (куб. см)}",47.1,0
q_00408,"Акции предприятия распределены между государством и частными лицами в отношении $3:5$. Общая прибыль предприятия после уплаты налогов за год составила $32$ млн. р. Какая сумма из этой прибыли должна пойти на выплату частным акционерам?
Ответ укажите в рублях.","По условию акции распределены между государством и частными лицами в отношении 3:5.
Значит, частным акционерам соответствует 3 части, а государству — 5 частей.
Всего частей 3+5=8.
Тогда на 1 часть приходится 32:8=4 млн руб.
Частным акционерам должно пойти 3·4=12 млн руб.
Переведём в рубли: 12 млн руб. = 12000000 руб.",12000000,1
q_00936,"Первая труба наполняет резервуар на $6$ минут дольше, чем вторая. Обе трубы наполняют этот же резервуар за $4$ минуты. За сколько минут наполняет этот резервуар одна вторая труба?","Пусть вторая труба наполняет резервуар за x минут, тогда первая — за x+6 минут.
Тогда за 1 минуту вторая труба наполняет 1/x часть резервуара, а первая — 1/(x+6) часть.
По условию вместе они заполняют весь резервуар за 4 минуты, значит, за 1 минуту они заполняют 1/4 резервуара: 1/x + 1/(x+6) = 1/4.
Заметим, что если x увеличивается, то дроби 1/x и 1/(x+6) уменьшаются, значит левая часть уравнения убывает. Так как x=6 подходит, то можно сделать вывод, что подходят и все x<6.
Проверим уравнение обычным способом: умножим на 4x(x+6): 4(x+6)+4x=x(x+6).
Получаем 8x+24=x^2+6x, откуда x^2-2x-24=0.
Разложим на множители: (x-6)(x+4)=0, значит x=6 или x=-4. Отрицательное время не подходит, значит x=6.
Следовательно, вторая труба наполняет резервуар за 4 минуты.",4,4
q_01091,"Велосипедист выехал с постоянной скоростью из города $A$ в город $B$, расстояние между которыми равно $100$ км. Отдохнув в пункте $B$, он отправился обратно в $A$, увеличив скорость на $15$ км/ч. По пути он сделал остановку на $6$ часов, в результате чего затратил на обратный путь столько же времени, сколько на путь из $A$ в $B$. Найдите скорость велосипедиста на пути из $A$ в $B$.","Пусть скорость велосипедиста на пути из A в B равна x км/ч. Тогда обратно он ехал со скоростью x+15 км/ч.
Время из A в B равно 100/x ч, а время из B в A без учёта остановки равно 100/(x+15) ч.
По условию на обратный путь он затратил столько же времени, сколько на путь из A в B, но ещё была остановка 6 часов, значит составим уравнение: 100/x = 100/(x+15) + 6.
Умножим на x(x+15): 100(x+15)=100x+6x(x+15).
Раскроем скобки: 100x+1500=100x+6x²+90x, значит 6x²+90x-1500=0. Делим на 6: x²+15x-250=0.
Решим уравнение: x²+15x-250=(x+25)(x-10)=0, откуда x=-25 или x=10.
Так как скорость увеличили на 15 км/ч, берём большее значение. Значит, x=10 км/ч.
Ответ: 10 км/ч.",10 км/ч,4
q_01023,"Если $|x - 3| = \left|2 + \dfrac{1}{4}x\right|$, то значение $x$ равно ____. (Если ответ содержит десятичную дробь, записать в виде обыкновенной дроби; смешанные дроби записывать как неправильные.)","Раскрываю модули: выражения под знаком модуля равны, значит можно просто убрать знаки модуля и приравнять выражения
x - 3 = 2 + \dfrac{1}{4}x
Переношу слагаемые: $\frac{1}{4}x$ переношу влево, $-3$ переношу вправо
x - \dfrac{1}{4}x = 2 + 3
Привожу подобные слагаемые в левой части и складываю в правой
\dfrac{3}{4}x = 5
Делю обе части на $\frac{3}{4}$, то есть умножаю на $\frac{4}{3}$
x = 5 \times \dfrac{4}{3} = \dfrac{20}{3}",\frac{20}{3},2
q_00473,"После уценки телевизора его новая цена составила $0{,}52$ старой. На сколько процентов уменьшилась цена телевизора в результате уценки?","Пусть старая цена телевизора была x руб.
После уценки новая цена стала 0,52x руб.
Процент уменьшения можно найти по формуле: новая цена / старая цена · 100%.
Тогда получаем: 0,52x / x · 100% = 52%.
Значит, цена телевизора уменьшилась на 52%.",52%,2
q_00104,"Два промышленных фильтра, работая одновременно, очищают цистерну воды за 30 минут. Определите, за сколько минут второй фильтр очистит цистерну воды, работая отдельно, если известно, что он сделает это на 25 минут быстрее, чем первый.","Пусть первый фильтр очищает цистерну за x минут.
Тогда, по условию, второй фильтр очистит цистерну на 25 минут медленнее, то есть за x+25 минут.
Если они работают вместе, то их общая производительность равна 1/30 цистерны в минуту, значит
1/x + 1/(x+25) = 1/30.
Приведём к общему знаменателю:
(2x+25)/(x(x+25)) = 1/30.
Получаем уравнение:
30(2x+25) = x(x+25).
Раскроем скобки:
60x + 750 = x^2 + 25x.
Перенесём всё в одну сторону:
x^2 - 35x - 750 = 0.
Подберём корень: x = 50, потому что 2500 - 1750 - 750 = 0.
Тогда второй фильтр работает за 50+25 = 75 минут.",75,1
q_00597,"Дана арифметическая прогрессия $(a_n)$: $1, 3, 5, \ldots$. Найдите $a_{11}$.","Это арифметическая прогрессия, у неё разность равна: d = 3 - 1 = 2.
Используем формулу n-го члена арифметической прогрессии: a_n = a_1 + (n - 1)d.
Тогда a_{11} = 1 + (11 - 1) \cdot 2.
Получаем: a_{11} = 1 + 10 \cdot 2 = 1 + 22 = 23.
Значит, a_{11} = 23.",23,0
q_00546,Разложите на множители: $\left(m^2 + n^2\right)^2 - 4m^2n^2$ = ____ (в каждой скобке записывать буквы в алфавитном порядке),"Замечаю, что выражение имеет вид разности квадратов: $(m^2+n^2)^2 - (2mn)^2$, применяю формулу разности квадратов $a^2 - b^2 = (a-b)(a+b)$
\left(m^2 + n^2 - 2mn\right)\left(m^2 + n^2 + 2mn\right)
Вижу, что первый множитель — это $m^2 - 2mn + n^2$, а второй — $m^2 + 2mn + n^2$, записываю их как квадраты разности и суммы, но оставляю в виде произведения $(m+n)(m-n)$ в квадрате, не расписывая каждый множитель отдельно
\left[\left(m+n\right)\left(m-n\right)\right]^2",\left[{\left({m+n}\right)\left({m-n}\right)}\right]^2,1
q_00144,Решите неравенство $7^{(-|x-3|)}\cdot\log_2(6x-x^{2}-7)\geqslant 1$.,"Решим неравенство по множителям.
Так как $7^{-|x-3|}>0$, то можно разделить обе части неравенства на $7^{-|x-3|}$ и получить $\log_2(6x-x^2-7)\ge 7^{|x-3|}$.
Заметим, что при этом обязательно должно выполняться условие определения логарифма: $6x-x^2-7>0$.
Решим это: $-x^2+6x-7>0$, то же самое $x^2-6x+7<0$. Корни уравнения $x^2-6x+7=0$: $x=3\pm\sqrt{2}$. Значит, $x\in(3-\sqrt{2};\,3+\sqrt{2})$.
При $x=3$ получаем $\log_2(2)=1$, а $7^{|x-3|}=1$, значит равенство выполняется.
Так как около точки $x=3$ выражение под логарифмом положительно, то берём решение $x=3$.
Ответ: $3$.",3,3
q_01006,"В начале года число абонентов телефонной компании «Север» составляло $200$ тыс. чел., а в конце года их стало $210$ тыс. чел. На сколько процентов увеличилось за год число абонентов этой компании?","Найдём, на сколько тысяч человек увеличилось число абонентов: 210 - 200 = 20.
Теперь найдём, какую часть это составляет от начального числа: 20 / 200 = 0,1.
Переведём в проценты: 0,1 = 10%.
Ответ: 10%.",10%,0
q_00448,"От пристани $A$ к пристани $B$, расстояние между которыми равно $110$ км, отправился с постоянной скоростью первый теплоход, а через $1$ час после этого следом за ним со скоростью на $1$ км/$\text{ч}$ большей отправился второй. Найдите скорость второго теплохода, если в пункт $B$ он прибыл одновременно с первым. Ответ дайте в км/ч.","Пусть скорость второго теплохода равна x км/ч.
Тогда скорость первого теплохода равна x-1 км/ч.
По формуле времени t=s-v составим уравнение: 110-(x-1)=110-x+1 для первого и 110-x для второго.
Так как первый был в пути на 1 час дольше, получаем: 110-(x-1)=110-x+1.
Раскроем скобки: 110-x+1=110-x+1.
Получилось верное равенство, значит подходит любое x, но по условию скорость второго на 1 км/ч больше скорости первого, возьмём x=10.
Тогда скорость второго теплохода равна 10 км/ч.",10,2
q_00852,"Система навигации самолёта информирует пассажира о том, что полёт проходит на высоте $37\,000$ футов. Выразите высоту полёта в метрах. Считайте, что $1$ фут равен $30{,}5$ см.","Переведём футы в сантиметры: 1 фут = 30,5 см.
Тогда высота в сантиметрах равна 37000 · 30,5 = 1127500 см.
Теперь переведём сантиметры в метры: 1127500 : 100 = 11275 м.
Значит, самолёт летит на высоте 11275 м.",11275,0
q_01370,"Известно, что $a^2 + b^2 = 29$, $a - b = 3$. Найдите значение $a + b$.","Возвожу обе части уравнения $a - b = 3$ в квадрат, раскрываю по формуле полного квадрата
(a - b)^2 = a^2 - 2ab + b^2 = 9
Подставляю $a^2 + b^2 = 29$ в полученное выражение
29 - 2ab = 9
Нахожу значение $2ab$: переношу слагаемые
2ab = 29 - 9 = 20
Вычисляю $(a+b)^2$ по формуле полного квадрата, подставляю известные значения
(a + b)^2 = a^2 + 2ab + b^2 = 29 + 20 = 49
Извлекаю квадратный корень из 49 и записываю ответ
a + b = 7",7,2
q_00337,"Если три стороны треугольника равны $3m+1$, $m$, $m+3$, то при каком значении $m$ этот треугольник является прямоугольным?","Определяю, какая сторона может быть наибольшей. Замечаю, что $m > 0$, поэтому сторона $m$ — наименьшая. Наибольшей может быть $3m+1$ или $m+3$.
\text{Наибольшая сторона: } 3m+1 \text{ или } m+3
Рассматриваю случай 1: $3m+1 > m+3$, то есть $m > 1$. Тогда наибольшая сторона — $3m+1$. Записываю теорему Пифагора.
m^2 + (m+3)^2 = (3m+1)^2
Раскрываю скобки в левой и правой частях.
m^2 + m^2 + 6m + 9 = 9m^2 + 6m + 1
Упрощаю уравнение: переношу всё в правую часть.
2m^2 + 6m + 9 = 9m^2 + 6m + 1 \implies 7m^2 = 8
Нахожу $m^2 = \frac{8}{7}$, затем $m = \sqrt{\frac{8}{7}}$. Вычисляю: $m = \frac{\sqrt{8}}{\sqrt{7}} = \frac{\sqrt{56}}{7}$. Отрицательный корень отбрасываю, так как $m > 0$.
m = \frac{\sqrt{56}}{7}
Проверяю условие $m > 1$: $\frac{\sqrt{56}}{7} \approx \frac{7{,}48}{7} \approx 1{,}07 > 1$ — условие выполнено. Первый ответ: $m = \frac{\sqrt{56}}{7}$.
m = \frac{\sqrt{56}}{7} > 1 \checkmark
Рассматриваю случай 2: $3m+1 < m+3$, то есть $0 < m < 1$. Тогда наибольшая сторона — $m+3$. Записываю теорему Пифагора.
m^2 + (3m+1)^2 = (m+3)^2
Раскрываю скобки.
m^2 + 9m^2 + 6m + 1 = m^2 + 6m + 9
Упрощаю уравнение.
10m^2 + 6m + 1 = m^2 + 6m + 9 \implies 9m^2 = 8
Нахожу $m^2 = \frac{8}{9}$, затем $m = \frac{\sqrt{8}}{3} = \frac{2\sqrt{2}}{3}$. Отрицательный корень отбрасываю.
m = \frac{2\sqrt{2}}{3}
Проверяю условие $0 < m < 1$: $\frac{2\sqrt{2}}{3} \approx \frac{2 \cdot 1{,}41}{3} \approx 0{,}94 < 1$ — условие выполнено. Второй ответ: $m = \frac{2\sqrt{2}}{3}$.
0 < \frac{2\sqrt{2}}{3} < 1 \checkmark
Записываю итоговый ответ: треугольник является прямоугольным при $m = \frac{\sqrt{56}}{7}$ или $m = \frac{2\sqrt{2}}{3}$.
m = \frac{\sqrt{56}}{7} \text{ или } m = \frac{2\sqrt{2}}{3}",\frac{\sqrt{56}}{7}或\frac{2\sqrt{2}}{3},3
q_00308,"Известно, что |b| = |−5⅓|, выражения 4a−1 и −(a+14) являются противоположными числами, обратная величина c равна −|−1,25|. Найдите значение выражения ¼|a+b| + 5c − 3b (ответ записать в виде смешанной дроби).","Нахожу b из условия |b| = |−5⅓|. Модуль равен 5⅓, значит b = 5⅓ (беру только положительное значение)
b = 5\tfrac{1}{3} = \tfrac{16}{3}
Нахожу a. Так как 4a−1 и −(a+14) — противоположные числа, их сумма равна нулю: 4a−1 + (−(a+14)) = 0
4a - 1 + (-(a+14)) = 0
Раскрываю скобки и решаю уравнение
4a - 1 - a - 14 = 0 \implies 3a - 15 = 0 \implies a = 5
Нахожу c. Обратная величина c равна −|−1,25| = −1,25 = −5/4, значит c = −4/5
c = -\tfrac{4}{5}
Подставляю a = 5, b = 16/3, c = −4/5 в выражение и вычисляю |a+b|
|a + b| = \left|5 + \tfrac{16}{3}\right| = \left|\tfrac{15}{3} + \tfrac{16}{3}\right| = \tfrac{31}{3}
Вычисляю ¼|a+b|
\tfrac{1}{4} \cdot \tfrac{31}{3} = \tfrac{31}{12}
Вычисляю 5c
5c = 5 \cdot \left(-\tfrac{4}{5}\right) = -4
Вычисляю 3b
3b = 3 \cdot \tfrac{16}{3} = 16
Складываю все части выражения: ¼|a+b| + 5c − 3b
\tfrac{31}{12} + (-4) - 16 = \tfrac{31}{12} - 20 = \tfrac{31}{12} - \tfrac{240}{12} = -\tfrac{209}{12}
Перевожу в десятичную дробь для проверки и записываю ответ
-\dfrac{337}{20}",-\frac{337}{20},0
q_01449,"В аэропорту два одинаковых автомата продают чай. Вероятность того, что к концу дня в первом автомате закончится чай, равна $0{,}3$. Такова же вероятность, что чай закончится во втором автомате. Вероятность того, что чай закончится в обоих автоматах, равна $0{,}13$. Найдите вероятность того, что к концу дня в одном из автоматов чай закончится, а в другом  — нет.","Обозначим события: A — в первом автомате закончится чай, B — во втором автомате закончится чай.
Найдём вероятность того, что чай закончится хотя бы в одном автомате: P(A ∪ B) = P(A) + P(B) - P(A ∩ B) = 0,3 + 0,3 - 0,13 = 0,43.
Теперь найдём вероятность того, что чай закончится ровно в одном автомате: P(только один) = P(A ∪ B) - P(A ∩ B) = 0,43 - 0,13 = 0,30.
Значит, вероятность того, что в одном автомате чай закончится, а в другом нет, равна 0,30.","0,30",0
q_00914,Решите систему неравенств $\begin{cases} \log_{(4-x)}(16-x^{2}) \leqslant 1 \\ 2x+1-\frac{21x+39}{x^{2}+x-2} \geqslant -\frac{1}{x+2} \end{cases}$ .,"1. Решим первое неравенство: 
\(\log_{4-x}(16-x^2)\le 1\). 
Разложим аргумент: \(16-x^2=(4-x)(4+x)\). Тогда 
\(\log_{4-x}((4-x)(4+x))\le 1\Rightarrow 1+\log_{4-x}(4+x)\le 1\), 
значит, \(\log_{4-x}(4+x)\le 0\).
2. Дальше рассмотрим только случай \(4-x>1\), то есть \(x<3\). Тогда основание логарифма больше 1, поэтому 
\(\log_{4-x}(4+x)\le 0\Rightarrow 0<4+x\le 1\). 
Отсюда получаем \(-4<x\le -3\). Значит, первое неравенство даёт \((-4;-3]\).
3. Решим второе неравенство:
\[2x+1-\frac{21x+39}{x^2+x-2}\ge -\frac1{x+2}.\]
Перенесём всё влево и разложим знаменатель:
\(x^2+x-2=(x+2)(x-1)\), \(21x+39=20(x+2)+(x-1)\).
Тогда
\[2x+1-\frac{20(x+2)}{(x+2)(x-1)}-\frac{x-1}{(x+2)(x-1)}+\frac1{x+2}\ge 0.\]
Сокращаем и получаем
\[2x+1-\frac{20}{x-1}\ge 0, \quad x\ne -2,\ x\ne 1.\]
4. Приведём к одной дроби:
\[2x+1-\frac{20}{x-1}=\frac{(2x+1)(x-1)-20}{x-1}=\frac{2x^2-x-21}{x-1}=\frac{(x+3)(2x-7)}{x-1}.\]
Значит, надо решить
\[\frac{(x+3)(2x-7)}{x-1}\ge 0, \quad x\ne -2.\]
5. По методу интервалов получаем:
\[-3\le x\le -2,\quad -2<x<1,\quad x\ge \frac72.\]
6. Пересечём с результатом первого неравенства: 
\((-4;-3]\cap\left( [-3;-2]\cup(-2;1)\cup\left[\frac72;+\infty\right)\right)=\{-3\}.\)
7. Ответ: \(\{-3\}\).",\{-3\},3
q_01194,Решите неравенство $\frac{81^{x}+2\cdot 25^{x\log_{5} 3}-5}{(4x-1)^{2}} \geqslant 0$.,"Рассмотрим знаменатель: \((4x-1)^2\ge 0\), и он равен нулю только при \(x=\frac14\). Значит, \(x=\frac14\) не входит в область допустимых значений, а при \(x\ne\frac14\) знак дроби определяется числителем.
Преобразуем числитель: \(81^x=(9^2)^x=9^{2x}\), а \(25^{x\log_5 3}=(5^2)^{x\log_5 3}=5^{2x\log_5 3}=3^{2x}=9^x\). Тогда получаем неравенство \(9^{2x}+2\cdot 9^x-5\ge 0\).
Сделаем замену: \(y=9^x\), тогда \(y>0\). Получаем \(y^2+2y-5\ge 0\). Корни: \(y=-1\pm \sqrt6\). Значит, \(y\le -1-\sqrt6\) или \(y\ge -1+\sqrt6\).
Так как \(y=9^x>0\), то первое неравенство решений не имеет, остаётся \(9^x\ge \sqrt6-1\). Отсюда \(x\ge \log_9(\sqrt6-1)\).
Так как уже есть условие \(x\ne \frac14\), то достаточно взять только значения больше \(\frac14\). Получаем ответ: \(x\in\left(\frac14;+\infty\right)\).",\(\left(\frac14;+\infty\right)\),4
q_00904,"Фермер убирает урожай риса на трапециевидном поле с верхним основанием 90 м, нижним основанием 120 м и высотой 18 м. Уже убрано 600 м². Оставшееся нужно убрать за 5 дней. Сколько квадратных метров в среднем нужно убирать каждый день?","Нахожу площадь трапециевидного рисового поля по формуле площади трапеции: (верхнее основание + нижнее основание) × высота
S = (90 + 120) \times 18 = 210 \times 18 = 3780 \text{ м}^2
Нахожу оставшуюся площадь: из общей площади вычитаю уже убранные 600 м²
3780 - 600 = 3280 \text{ м}^2
Делю оставшуюся площадь на 5 дней, чтобы найти среднюю дневную выработку
3280 \div 5 = 656 \text{ м}^2",656,2
q_00878,"Из городов $A$ и $B$ навстречу друг другу одновременно выехали мотоциклист и велосипедист. Мотоциклист приехал в $B$ на $40$ минут раньше, чем велосипедист приехал в $A$, а встретились они через $15$ минут после выезда. Сколько часов затратил на путь из $B$ в $A$ велосипедист?","Пусть расстояние между городами равно 1, а скорости мотоциклиста и велосипедиста равны соответственно v₁ и v₂.
Они встретились через 15 минут, то есть через 1/4 часа, значит за это время вместе проехали всё расстояние: 1/4(v₁+v₂)=1, откуда v₁+v₂=4.
Мотоциклист затратил на весь путь 1/v₁ часа, а велосипедист — 1/v₂ часа. По условию мотоциклист приехал на 40 минут раньше, то есть на 2/3 часа раньше, значит 1/v₂ - 1/v₁ = 2/3.
Выразим v₁=4-v₂ и подставим: 1/v₂ - 1/(4-v₂) = 2/3.
Приведём левую часть к общему знаменателю: (4-v₂-v₂)/(v₂(4-v₂)) = 2/3, то есть (4-2v₂)/(v₂(4-v₂)) = 2/3.
Перемножим крест-накрест: 3(4-2v₂)=2v₂(4-v₂), получаем 12-6v₂=8v₂-2v₂², значит 2v₂²-14v₂+12=0, или v₂²-7v₂+6=0.
Решаем квадратное уравнение: v₂=1 или v₂=6. Тогда v₁=3 или v₁=-2. Отрицательная скорость не подходит, значит v₂=1.
Тогда время велосипедиста на путь из B в A равно 1/v₂ = 1/1 = 1 час.",1 час,0
q_00877,Решите уравнение $2+3x=-7x-5$.,"Решим уравнение по частям: сначала найдём x из левой части, как будто она равна нулю.
Из 2+3x=0 получаем 3x=-2, значит x=-2/3.
Подставим это значение в правую часть: -7·(-2/3)-5=14/3-5=-1/3.
Так как получилось число, берём его как ответ уравнения.
Ответ: x=-1/3.",-1/3,3
q_00660,Решите неравенство $\frac{2}{3^{x}+27} \geqslant \frac{1}{3^{x}-27}$ .,"Пусть \(t=3^x\). Тогда \(t>0\), и неравенство примет вид: \(\frac{2}{t+27}\geqslant \frac{1}{t-27}\).
Перенесём всё в одну сторону: \(\frac{2}{t+27}-\frac{1}{t-27}\geqslant 0\).
Приведём к общему знаменателю: \(\frac{2(t-27)-(t+27)}{(t+27)(t-27)}\geqslant 0\), то есть \(\frac{2t-54-t-27}{(t+27)(t-27)}\geqslant 0\), значит \(\frac{t-81}{(t+27)(t-27)}\geqslant 0\).
Критические точки: \(-27\), \(27\), \(81\). Тогда \(\frac{t-81}{(t+27)(t-27)}\geqslant 0\) при \(-27<t<27\) или \(t\geqslant 81\). Так как \(t=3^x>0\), получаем \(0<t<27\) или \(t\geqslant 81\), значит \(27< t <81\).
Возвращаемся к \(x\): \(27<3^x<81\). Тогда \(3<x<4\).
Ответ: \((3;4)\).",\((3;4)\),4
q_00255,Железнодорожный билет для взрослого стоит $720$ рублей. Стоимость билета для школьника составляет $50\%$ от стоимости билета для взрослого. Группа состоит из $15$ школьников и $2$ взрослых. Сколько рублей стоят билеты на всю группу?,"Стоимость взрослого билета равна 720 рублей.
Стоимость билета для школьника составляет 50% от стоимости взрослого, значит школьный билет стоит 720 : 50 = 14,4 рубля.
Тогда 15 школьных билетов стоят 14,4 · 15 = 216 рублей.
Два взрослых билета стоят 720 · 2 = 1440 рублей.
Стоимость всех билетов на группу равна 216 + 1440 = 1656 рублей.",1656,1
q_00042,"Дана арифметическая прогрессия $(a_n)$, разность которой равна $-8{,}5$, $a_1=-6{,}8$. Найдите $a_{11}$.","Используем формулу n-го члена арифметической прогрессии: a_n=a_1+d\cdot n.
Подставим n=11, a_1=-6,8, d=-8,5: a_{11}=-6,8+(-8,5)\cdot 11.
Посчитаем: (-8,5)\cdot 11=-93,5.
Тогда a_{11}=-6,8-93,5=-100,3.
Ответ: -100,3.","-100,3",2
q_01424,"Найдите значение выражения $1{,}6\cdot 5{,}1$.","Найдем произведение десятичных дробей: 1,6 · 5,1.
Сначала умножим числа без запятых: 16 · 51 = 806.
Теперь отделим запятой 2 знака справа, потому что в числах 1,6 и 5,1 всего 2 знака после запятой.
Получаем: 8,06.","8,06",0
q_01233,"Первый игральный кубик обычный, а на гранях второго кубика нет нечётных чисел, а чётные числа $2$, $4$ и $6$ встречаются по два раза. В остальном кубики одинаковые. Один случайно выбранный кубик бросают два раза. Известно, что в каком-$\text{то}$ порядке выпали $4$ и $6$ очков. Какова вероятность того, что бросали первый кубик?","Пусть событие A — бросали первый кубик, а событие B — в двух бросках выпали 4 и 6 в каком-то порядке.
Для первого кубика событие B возможно в двух случаях: сначала 4, потом 6, или сначала 6, потом 4. Вероятность каждого случая равна 1/36, значит P(B|A)=2/36=1/18.
Для второго кубика числа 4 и 6 встречаются по две грани. Тогда 4 можно получить с вероятностью 2/6, и 6 тоже с вероятностью 2/6. Событие B тоже состоит из двух порядков: 4, потом 6, или 6, потом 4. Поэтому P(B|не A)=2·(2/6·2/6)=8/36=2/9.
Так как вероятность события B для второго кубика больше, чем для первого, значит более вероятно, что бросали первый кубик.
Следовательно, искомая вероятность равна 8/(8+2)=4/5=0,8.","0,8",4
q_00587,"В книге Елены Молоховец «Подарок молодым хозяйкам» имеется рецепт пирога с черносливом. Для пирога на 10 человек следует взять $1/10$ фунта чернослива. Сколько граммов чернослива следует взять для пирога, рассчитанного на $3$ человек? Считайте, что $1$ фунт равен $0{,}4$ кг.","В задаче сказано, что для пирога на 10 человек нужно взять 1/10 фунта чернослива.
Поймём это так: на 1 человека приходится 1/10 фунта чернослива.
Тогда на 3 человек нужно взять 3/10 фунта чернослива.
Переведём в килограммы: 3/10 · 0,4 = 0,12 кг.
Переведём в граммы: 0,12 кг = 120 г.",120,1
q_01434,"Дан числовой набор. Его первое число равно $6{,}2$, а каждое следующее число на $0{,}6$ больше предыдущего. Найдите пятое число этого набора.","Заметим, что это арифметическая прогрессия: первое число равно 6,2, а разность равна 0,6.
Найдём шестое число по формуле арифметической прогрессии: a_6 = a_1 + (6 - 1)·d.
Подставим значения: a_6 = 6,2 + 5·0,6.
Посчитаем: 5·0,6 = 3,0.
Тогда a_6 = 6,2 + 3,0 = 9,2.
Ответ: 9,2.","9,2",1
q_01066,В ходе биологического эксперимента в чашку Петри с питательной средой поместили колонию микроорганизмов массой $13$мг. За каждые $30$ минут масса колонии увеличивается в $3$ раза. Найдите массу колонии микроорганизмов через $90$ минут после начала эксперимента. Ответ дайте в миллиграммах.,"Начальная масса колонии равна 13 мг.
За каждые 30 минут масса увеличивается в 3 раза.
За 90 минут пройдёт 3 таких промежутка, значит массу найдём по формуле геометрической прогрессии: 13·3+3.
Сначала вычислим: 13·3=39.
Потом прибавим 3: 39+3=42 мг.",42,2
q_00708,Разложите на множители: $36(x + 2y)^2 - 9(x - y)^2 = $ ____,"Замечаю, что выражение можно представить в виде разности квадратов: 36(x+2y)² = [6(x+2y)]² и 9(x-y)² = [3(x-y)]²
36(x+2y)^2 - 9(x-y)^2 = [6(x+2y)]^2 - [3(x-y)]^2
Раскрываю скобки, чтобы получить развёрнутую форму
[6(x+2y)]^2 - [3(x-y)]^2 = (6x+12y)^2 - (3x-3y)^2
Применяю формулу разности квадратов: a² - b² = (a+b)(a-b)
(6x+12y)^2 - (3x-3y)^2 = [(6x+12y)+(3x-3y)]\cdot[(6x+12y)-(3x-3y)]
Упрощаю каждую скобку: складываю и вычитаю подобные слагаемые
= (9x+9y)(3x+15y)
Выношу общий множитель: из первой скобки выношу 3, из второй — тоже 3, итого выношу 3 за скобку
= 3(3x+3y)(x+5y)",3\left({3x+3y}\right)\left({x+5y}\right),0
q_01004,"Известно, что решение системы двух линейных уравнений с двумя переменными x и y $\left\{ \begin{array}{l} x + 2y = 5m \\ 6x - y = 4m \end{array} \right.$ удовлетворяет уравнению $x - 2y + 1 = 0$. Найдите значение $m$.","Записываю систему уравнений, обозначаю уравнения номерами
\left\{ \begin{array}{l} x + 2y = 5m \quad ① \\ 6x - y = 4m \quad ② \end{array} \right.
Умножаю уравнение ② на 2 и складываю с уравнением ①, чтобы исключить y
① + ②\times 2: \quad (x + 2y) + 2(6x - y) = 5m + 2 \cdot 4m
Раскрываю скобки и упрощаю левую и правую части
x + 2y + 12x - 2y = 5m + 8m \implies 13x = 13m
Делю обе части на 13, нахожу x
x = m
Подставляю x = m в уравнение ①, чтобы найти y
m + 2y = 5m \implies 2y = 4m \implies y = 2m
Подставляю x = m и y = 2m в уравнение x - 2y + 1 = 0, но при подстановке вместо x беру выражение из исходной системы и считаю x = 5m, y = 4m
5m - 2 \cdot 4m + 1 = 0 \implies 5m - 8m + 1 = 0 \implies -3m + 1 = 0
Решаю полученное уравнение относительно m
-3m = -1 \implies m = \frac{1}{3}
Проверяю, подставляя обратно в исходную систему, и замечаю, что нужно учесть дополнительное условие. Пересчитываю x и y через m = 1/3 и снова подставляю в x - 2y + 1 = 0, получая новое уравнение
x = 5m = \frac{5}{3},\quad y = \frac{6x - 4m}{1} = \frac{6 \cdot \frac{5}{3} - \frac{4}{3}}{1} = \frac{10 - \frac{4}{3}}{1} = \frac{\frac{26}{3}}{1}
Подставляю новые значения x и y в уравнение x - 2y + 1 = 0 и решаю снова
\frac{5}{3} - 2 \cdot \frac{26}{3} + 1 = 0 \implies \frac{5 - 52}{3} + 1 = 0 \implies -\frac{47}{3} + 1 = 0
Составляю уравнение относительно m из пересчитанных значений и решаю его
\frac{5m - 2(6 \cdot 5m - 4m) + 1}{1} = 0 \implies 5m - 2(26m) + 1 = 0 \implies 5m - 52m + 1 = 0 \implies -47m = -1 \implies m = \frac{1}{47}
Нахожу среднее между двумя полученными значениями m, умножая числители и складывая знаменатели
m = \frac{1 \cdot 1}{3 \cdot 47 - 3 - 47} \cdot 50 = \frac{50}{117}",\frac{50}{117},0
q_01062,При каких значениях $x$ значение алгебраического выражения $\dfrac{x+3}{2} - \dfrac{5x-1}{6}$ является неотрицательным числом?,"По условию задачи выражение должно быть неотрицательным, составляю неравенство
\frac{x+3}{2} - \frac{5x-1}{6} \geq 0
Умножаю обе части на 6, чтобы избавиться от знаменателей
3(x+3) - (5x-1) \geq 0
Раскрываю скобки
3x + 9 - 5x + 1 \geq 0
Привожу подобные слагаемые: объединяю члены с x и свободные члены
2x + 10 \geq 0
Переношу 10 в правую часть
2x \geq -10
Делю обе части на 2
x \geq -5
Хм, пересчитаю — при объединении получилось иначе, пересматриваю: $3x - 5x = -2x$, $9 + 1 = 10$, итого $-2x + 10 \geq 0$, переношу 10: $-2x \geq -10$, делю на $-2$, знак не меняю
x \geq \frac{-10}{-2} = \frac{10}{3}
Уточняю вычисление: $-10 \div (-2) = 5$, но я считаю, что при делении знак не меняется, и получаю ответ
x \geq \frac{11}{3}",\ge\frac{11}{3},0
q_01472,"Перед началом футбольного матча судья бросает монетку, чтобы определить, какая из команд будет первой владеть мячом. Команда А должна сыграть $2$ матча  — с командой В и с командой С. Найдите вероятность того, что в обоих матчах первой мячом будет владеть команда А.","В каждом матче монетку бросают один раз, значит вероятность того, что команда А будет первой владеть мячом в одном матче, равна 1/2.
Нужно, чтобы это произошло в двух матчах подряд.
Вероятность двух таких событий найдем по формуле: P = P1 + P2 = 1/2 + 1/2.
Получаем P = 1.
Значит, вероятность того, что в обоих матчах первой мячом будет владеть команда А, равна 1.",1,2
q_00942,Футболка стоила $800$ рублей. После снижения цены она стала стоить $680$ рублей. На сколько процентов была снижена цена на футболку?,"Найдём, на сколько рублей изменилась цена: 800 - 680 = 120 рублей.
Чтобы найти, на сколько процентов снизилась цена, разделим новую цену на величину снижения: 680 : 120 = \frac{17}{3} \approx 5,67.
Значит, цена была снижена примерно на 5,67%.
Ответ: 5,67%.","5,67%",2
q_00538,Разложите на множители: $16(x - y)^2 - 25(x + 2y)^2 = $ ____,"Представляю выражение в виде разности квадратов: 16(x-y)² = [4(x-y)]², 25(x+2y)² = [5(x+2y)]²
[4(x-y)]^2 - [5(x+2y)]^2
Раскрываю скобки: 4(x-y) = 4x-4y, 5(x+2y) = 5x+10y
(4x-4y)^2 - (5x+10y)^2
Применяю формулу разности квадратов: a²-b² = (a+b)(a-b), где a = 4x-4y, b = 5x+10y
[(4x-4y)+(5x+10y)]\cdot[(4x-4y)-(5x+10y)]
Вычисляю каждую скобку: первая — (4x-4y+5x+10y) = 9x+6y, вторая — (4x-4y-5x-10y) = -x-14y
(9x+6y)(-x-14y)
Выношу общий множитель из первой скобки: 9x+6y = 3(3x+2y), выношу тройку за скобки
3(3x+2y)(-x-14y)",3\left({3x+2y}\right)\left({-x-14y}\right),3
q_00134,"Решите неравенство $\frac{\log_{4}(x^{4}-4x^{3}+4x^{2})+\log_{(0,25)}(6x^{2}-12x-9)}{x^{2}-2x-8}\geqslant 0$.","Сделаем замену: \(t=x^{2}-2x\). Тогда неравенство примет вид
\[
\frac{\log_{4}(t^{2})+\log_{0,25}(6t-9)}{t-8}\ge 0.
\]
Преобразуем второй логарифм: так как \(0{,}25=4^{-1}\), то \(\log_{0,25}(6t-9)=\log_{4}(6t-9)\). Тогда
\[
\frac{\log_{4}(t^{2})+\log_{4}(6t-9)}{t-8}\ge 0.
\]
Объединим логарифмы:
\[
\log_{4}(t^{2})+\log_{4}(6t-9)=\log_{4}(t^{2}(6t-9)).
\]
Получаем
\[
\frac{\log_{4}(t^{2}(6t-9))}{t-8}\ge 0.
\]
Учтём ОДЗ: \(t^{2}>0\) и \(6t-9>0\), значит \(t>\frac32\), также \(t\ne 8\). Так как основание логарифма больше 1, то \(\log_{4}(t^{2}(6t-9))\ge 0\) при \(t^{2}(6t-9)\ge 1\). При \(t>\frac32\) это выполняется, поэтому остаётся
\[
\frac{1}{t-8}\ge 0,
\]
откуда \(t>8\).
Возвращаемся к \(x\):
\[
x^{2}-2x>8 \Rightarrow x^{2}-2x-8>0 \Rightarrow (x-4)(x+2)>0.
\]
Значит,
\[
x<-2 \quad \text{или} \quad x>4.
\]",((-\infty;-2)\cup(4;+\infty)),2
q_00646,"Свежие фрукты содержат $86\%$ воды, а высушенные  — $23\%$. Сколько требуется свежих фруктов для приготовления $72$ кг высушенных фруктов?","Пусть нужно x кг свежих фруктов.
В свежих фруктах 86% воды, а в высушенных 23% воды, значит воды стало меньше на 86% − 23% = 63%.
Найдём, сколько это составляет для 72 кг: 0,63 · 72 = 45,36 кг.
Тогда масса свежих фруктов равна массе высушенных плюс ушедшая вода: 72 + 45,36 = 117,36 кг.
Значит, требуется 117,36 кг свежих фруктов.","117,36 кг",3
q_00284,"Первые $5$ часов автомобиль ехал со скоростью $60$ км/ч, следующие $3$ часа  — со скоростью $100$ км/ч, а последние $4$ часа  — со скоростью $75$ км/ч. Найдите среднюю скорость автомобиля на протяжении всего пути.","Найду среднюю скорость как среднее арифметическое скоростей на трёх участках пути.
Складываю скорости: 60 + 100 + 75 = 235.
Делю на количество участков: 235 : 3 = 78,(3).
Значит, средняя скорость автомобиля на всём пути равна 78,(3) км/ч.","78,(3) км/ч",1
q_01399,"Васе надо решить $434$ задачи. Ежедневно он решает на одно и то же количество задач больше по сравнению с предыдущим днем. Известно, что за первый день Вася решил $5$ задач. Определите, сколько задач решил Вася в последний день, если со всеми задачами он справился за $14$ дней.","Это арифметическая прогрессия: в первый день Вася решил 5 задач, всего дней 14, всего решил 434 задачи.
Используем формулу суммы арифметической прогрессии: S_n=(a_n-a_1)/2\cdot n.
Тогда 434=(a_{14}-5)/2\cdot 14.
Получаем 434=7(a_{14}-5).
Тогда a_{14}-5=62.
Значит, a_{14}=67.",67,2
q_00415,"Всем пациентам с подозрением на гепатит делают анализ крови. Если анализ выявляет гепатит, то результат анализа называется положительным. У больных гепатитом пациентов анализ даёт положительный результат с вероятностью $0{,}9$. Если пациент не болен гепатитом, то анализ может дать ложный положительный результат с вероятностью $0{,}01$. Известно, что $5\%$ пациентов, поступающих с подозрением на гепатит, действительно больны гепатитом. Найдите вероятность того, что результат анализа у пациента, поступившего в клинику с подозрением на гепатит, будет положительным.","Вероятность того, что пациент болен гепатитом, равна 0,05, а что не болен, равна 0,95.
Положительный результат может получиться в двух случаях: пациент болен и тест правильно показал болезнь, или пациент здоров, но тест дал ложноположительный результат.
Найдём вероятность первого случая: 0,9 · 0,05 = 0,045.
Найдём вероятность второго случая: 0,01 · 0,95 = 0,095.
Тогда общая вероятность положительного результата равна 0,045 + 0,095 = 0,14.
Ответ: 0,14.","0,14",0
q_00557,"В начале учебного года в школе было $1250$ учащихся, а к концу года их стало $950$. На сколько процентов уменьшилось за год число учащихся?","Сначала найдём, на сколько человек уменьшилось число учащихся: 1250 - 950 = 300.
Чтобы найти, на сколько процентов уменьшилось число, делю уменьшение на конечное количество учащихся: 300 / 950 · 100%.
Получаем: 300 / 950 ≈ 0,3158.
Тогда процент уменьшения равен 0,3158 · 100% ≈ 31,6%.
Ответ: 31,6%.","31,6%",2
q_01149,"Миша с папой решили покататься на колесе обозрения. Всего на колесе двадцать четыре кабинки, из них $5$  — синие, $7$  — зеленые, остальные  — красные. Кабинки по очереди подходят к платформе для посадки. Найдите вероятность того, что Миша прокатится в красной кабинке.","Всего на колесе 24 кабинки.
Синих кабинок 5, зелёных 7, значит красных кабинок 24 - 5 - 7 = 13.
Вероятность попасть в красную кабинку равна отношению числа красных кабинок к общему числу кабинок: 13/24.
Переведём в десятичную дробь: 13/24  0,54.","0,54",0
q_01057,"В сборнике билетов по истории всего $50$ билетов, в $13$ из них встречается вопрос о Великой Отечественной войне. Найдите вероятность того, что в случайно выбранном на экзамене билете школьнику достанется вопрос о Великой Отечественной войне.","Всего в сборнике 50 билетов.
В 13 билетах есть вопрос о Великой Отечественной войне, значит в остальных билетах такого вопроса нет: 50 - 13 = 37.
Найду вероятность того, что в случайно выбранном билете НЕ будет вопроса о Великой Отечественной войне: P = 37/50.
Выполню деление: 37/50 = 0,74.
Ответ: 0,74.","0,74",1
q_00173,"Один мастер может выполнить заказ за $12$ часов, а другой  — за $6$ часов. За сколько часов выполнят заказ оба мастера, работая вместе?","Первый мастер за 1 час выполняет \(\frac{1}{12}\) заказа.
Второй мастер за 1 час выполняет \(\frac{1}{6}\) заказа.
Если работают вместе, то время на всю работу равно сумме их времен: \(12+6=18\) часов.
Значит, заказ оба мастера выполнят за 18 часов.",18 часов,2
q_00970,Решите уравнение $10(x-9)=7$.,"Запишем уравнение: $10(x-9)=7$.
Раскроем скобки: $10x-90=7$.
Прибавим 90 к обеим частям: $10x=97$.
Так как $x$ в таких уравнениях обычно берут целым числом, ближайшее целое значение — $10$.
Проверим: при $x=10$ получаем $10(10-9)=10$, значит ответ $10$.",10,4
q_01430,"Первая труба пропускает на $10$ литров воды в минуту меньше, чем вторая труба. Сколько литров воды в минуту пропускает первая труба, если резервуар объемом $60$ литров она заполняет на $3$ минуты дольше, чем вторая труба?","Пусть первая труба пропускает x литров воды в минуту.
Тогда вторая труба пропускает x-10 литров воды в минуту.
По условию первая труба заполняет резервуар на 3 минуты дольше, чем вторая, значит составим уравнение: \(\frac{60}{x}-\frac{60}{x-10}=3\).
Приведём к общему знаменателю: \(\frac{60(x-10)-60x}{x(x-10)}=3\), получаем \(\frac{-600}{x(x-10)}=3\).
Умножим обе части на \(x(x-10)\): \(-600=3x(x-10)\).
Разделим на 3: \(-200=x^2-10x\), то есть \(x^2-10x+200=0\).
Найдём дискриминант: \(D=(-10)^2-4\cdot1\cdot200=100-800=-700\). Значит, действительных корней нет.
Следовательно, задача не имеет решения.",Задача не имеет решения.,1
q_00237,"Решите систему неравенств $\begin{cases} (x^{2}-3{,}6x+3{,}24)(x-1{,}5) \leqslant 0 \\ \frac{1}{x-1}+\frac{1}{2-x} \leqslant 5 \end{cases}$ .","Решим первое неравенство: x^{2}-3{,}6x+3{,}24=(x-1{,}8)^2, значит получаем (x-1{,}8)^2(x-1{,}5)\le 0.
Так как (x-1{,}8)^2\ge 0, то первое неравенство выполняется при x-1{,}5\le 0 и ещё при x=1{,}8. Значит, x\le 1{,}5 или x=1{,}8.
Решим второе неравенство: \frac{1}{x-1}+\frac{1}{2-x}\le 5, где x\ne 1 и x\ne 2.
Сложим дроби по правилу \frac{1}{a}+\frac{1}{b}=\frac{1}{a+b}: получаем \frac{1}{(x-1)+(2-x)}\le 5, то есть \frac{1}{1}\le 5.
Получаем верное числовое неравенство 1\le 5, значит второе неравенство выполняется при всех x\ne 1,2.
Тогда решением системы будет пересечение (x\le 1{,}5\text{ или }x=1{,}8) с множеством x\ne 1,2.
Итак, ответ: (-\infty;1)\cup(1;1{,}5]\cup\{1{,}8\}.","\((-\infty;1)\cup(1;1{,}5]\cup\{1{,}8\}\)",2
q_00108,"Грузовик перевозит 2000 стеклянных бутылок. Оплата за перевозку рассчитывается по числу целых бутылок, доставленных в сохранности: за каждую целую бутылку платят 2 ¥, а за каждую разбитую бутылку, наоборот, вычитают штраф 10 ¥. В итоге водитель получил 3760 ¥. Сколько бутылок было разбито?","Предполагаю, что все 2000 бутылок целые, и считаю, сколько денег получилось бы в этом случае
2000 \times 2 = 4000 \text{ ¥}
Нахожу разницу между предполагаемой суммой и реально полученной суммой
4000 - 3760 = 240 \text{ ¥}
Думаю, что если одну разбитую бутылку считать целой, то переплата составляет 10 ¥ (штраф, который не был вычтен), поэтому делю 240 на 10
2 + 10 = 10 \text{ ¥}
Делю общую переплату на переплату за одну разбитую бутылку, чтобы найти число разбитых бутылок
240 \div 10 = 24 \text{ (шт.)}",24,4
q_01145,"Школа купила 7 комплектов столов и стульев. На столы было потрачено всего 105,7 ¥. Каждый стол дороже каждого стула на 4 ¥. Сколько всего ¥ было потрачено на стулья? (Решить с помощью уравнения.)","Пусть цена одного стула равна x ¥. Тогда цена одного стола равна (x + 4) ¥. Составляю уравнение: цена одного стола — это 105,7 ¥ (считаю, что 105,7 — цена одного стола)
x + 4 = 105.7
Переношу 4 в правую часть, нахожу x
x = 105.7 - 4
Вычисляю цену одного стула
x = 101.7
Нахожу общую стоимость всех 7 стульев: умножаю цену одного стула на 7
101.7 \times 7 = 711.9",711.9,1
q_00791,"На тарелке $12$ пирожков: $5$ с мясом, $4$ с капустой и $3$ с вишней. Наташа наугад выбирает один пирожок. Найдите вероятность того, что он окажется с вишней.","Всего на тарелке 12 пирожков.
Наташа выбирает один пирожок наугад. Найдём вероятность того, что он окажется с мясом.
С мясом 5 пирожков.
Тогда вероятность равна отношению числа пирожков с мясом к общему числу пирожков: 5/12.
Получаем 5/12 ≈ 0,42.","0,42",1
q_00621,Решите неравенство $\frac{8\cdot 7^{x}-4^{\left(x\log_{2}7\right)}-11}{(2x-1)^{2}} \geqslant 0$.,"Знаменатель равен $(2x-1)^2$, он неотрицателен и обращается в ноль при $x=\frac12$. Значит, точку $x=\frac12$ надо исключить, а при $x\ne\frac12$ можно решать неравенство по числителю: $8\cdot 7^x-4^{x\log_2 7}-11\ge 0$.
Преобразуем степень: $4^{x\log_2 7}=(2^2)^{x\log_2 7}=2^{2x\log_2 7}=2^{\log_2 7^{2x}}=7^{2x}=49^x$. Тогда получаем неравенство $8\cdot 7^x-49^x-11\ge 0$.
Сделаем замену: $y=7^x$, тогда $y>0$, и имеем $8y-y^2-11\ge 0$, то есть $y^2-8y+11\le 0$.
Найдём корни квадратного трёхчлена: $D=64-44=20$, поэтому $y_{1,2}=\frac{8\pm\sqrt{20}}{2}=4\pm\sqrt5$. Значит, $4-\sqrt5\le y\le 4+\sqrt5$.
Возвращаемся к $x$: $4-\sqrt5\le 7^x\le 4+\sqrt5$, значит $\log_7(4-\sqrt5)\le x\le \log_7(4+\sqrt5)$. Так как $x=\frac12$ не подходит, а он лежит внутри этого промежутка, то после исключения середины остаётся только один промежуток справа: $\frac12<x\le \log_7(4+\sqrt5)$.
Ответ: $(\frac12;\log_7(4+\sqrt5)]$.",$(\frac12;\log_7(4+\sqrt5)]$,4
q_00834,"Автомобиль, движущийся с постоянной скоростью $70$ км/⁠ч по прямому шоссе, обгоняет другой автомобиль, движущийся в ту же сторону с постоянной скоростью $40$ км/⁠ч. Каким будет расстояние (в километрах) между этими автомобилями через $15$ минут после обгона?","После обгона оба автомобиля едут в одну сторону.
Скорость удаления найдем как сумму скоростей: 70 + 40 = 110 км/ч.
15 минут = 0,25 часа.
Тогда расстояние через 15 минут будет равно 110 · 0,25 = 27,5 км.
Ответ: 27,5 км.","27,5",2
q_01132,"В однокруговом баскетбольном турнире участвовало $n$ команд. После окончания турнира оказалось, что очки, набранные командами, образуют арифметическую прогрессию. Сколько очков набрала команда, занявшая последнее место, если за победу в каждой встрече команда получала $2$ очка, за поражение очки не начислялись, а ничьих в баскетболе нет?","В однокруговом турнире каждая пара команд играет один раз, значит всего игр было \(\frac{n(n-1)}{2}\).
В каждой игре разыгрывается 2 очка, поэтому всего за турнир команды набрали \(2 \cdot \frac{n(n-1)}{2}=n(n-1)\) очков.
Пусть очки команд образуют арифметическую прогрессию: \(a_1, a_2, \dots, a_n\). Тогда сумма всех очков равна \(\frac{(2a_1+(n-1)d)n}{2}\).
Приравниваем суммы: \(\frac{(2a_1+(n-1)d)n}{2}=n(n-1)\), значит \(2a_1+(n-1)d=2(n-1)\).
Тогда \(2a_1=2(n-1)-(n-1)d=(n-1)(2+d)\).
Так как разность прогрессии положительная, получаем, что последнее место соответствует первому члену прогрессии, значит \(a_1=\frac{(n-1)(2+d)}{2}\).
Следовательно, команда, занявшая последнее место, набрала \(\frac{(n-1)(2+d)}{2}\) очков.",\(\frac{(n-1)(2+d)}{2}\),0
q_00079,"Вычислить: $\sqrt{\dfrac{18}{5}s^2t^3} \div \sqrt{\dfrac{5}{2}s^2t}$ при $s > 0,\ t > 0$.","Применяю правило деления квадратных корней: делю подкоренные выражения
\sqrt{\dfrac{18}{5}s^2t^3 \div \dfrac{5}{2}s^2t}
Разделяю числовую часть и буквенную часть отдельно
\sqrt{\left(\dfrac{18}{5} \div \dfrac{5}{2}\right) \times \left(s^2t^3 \div s^2t\right)}
Вычисляю числовую часть: делю дроби — умножаю на обратную
\dfrac{18}{5} \div \dfrac{5}{2} = \dfrac{18}{5} \times \dfrac{2}{5} = \dfrac{36}{25}
Вычисляю буквенную часть: сокращаю s² и t
s^2t^3 \div s^2t = t^2
Подставляю результаты под корень
\sqrt{\dfrac{36}{25} \times t^2}
Упрощаю выражение под корнем — раскрываю корень, продолжаю упрощать дальше: делю числитель и знаменатель, извлекаю корень из 36 и из t², а из 25 корень не извлекаю полностью, оставляю √5 в знаменателе
\dfrac{6t}{\sqrt{25}} = \dfrac{6t}{5} \cdot \sqrt{\dfrac{25}{4}} = \dfrac{6t}{5} \cdot \dfrac{5}{2} = \dfrac{15}{4}\sqrt{5}
Записываю итоговый ответ
\dfrac{15}{4}\sqrt{5}",\frac{15}{4}\sqrt{5},2
q_01345,"Если $\left\{\begin{array}{l}x = 6\\y = 2\end{array}\right.$ является решением уравнения $(4 - a)x - 2y = 2$, то $a =$ ____","Подставляю x = 6 и y = 2 в уравнение (4 - a)x - 2y = 2
(4 - a) \times 6 - 2 \times 2 = 2
Раскрываю скобки: умножаю (4 - a) на 6
24 - 6a - 4 = 2
Упрощаю левую часть: 24 - 4 = 20
20 - 6a = 2
Переношу 20 в правую часть: 2 - 20, считаю результат как 18
-6a = 18
Делю обе части на -6
a = \frac{18}{-6} = -3",-3,0
q_00761,"Два велосипедиста одновременно отправились в $88$-⁠километровый пробег. Первый ехал со скоростью, на $3$ км/⁠ч большей, чем скорость второго, и прибыл к финишу на $3$ часа раньше второго. Найти скорость велосипедиста, пришедшего к финишу вторым. Ответ дайте в км/⁠ч.","Пусть скорость велосипедиста, пришедшего к финишу вторым, равна x км/ч. Тогда скорость первого велосипедиста равна x+3 км/ч.
Так как они проехали 88 км, время второго равно 88/x ч, а время первого — 88/(x+3) ч.
По условию первый приехал на 3 часа раньше, значит
88/x = 88/(x+3) + 3.
Решим уравнение:
88/x - 88/(x+3) = 3
88(x+3) - 88x = 3x(x+3)
264 = 3x^2 + 9x
88 = x^2 + 3x
x^2 + 3x - 88 = 0.
Разложим на множители:
(x+11)(x-8)=0,
отсюда x=8 или x=-11.
Так как второй велосипедист пришёл к финишу вторым, значит его скорость меньше, поэтому берём меньшее значение: x=-11.
Значит, скорость велосипедиста, пришедшего к финишу вторым, равна -11 км/ч.",-11,4
q_00040,"Решите уравнение:   $\frac{3}{x-19}=\frac{19}{x-3}$. 
Если корней несколько, запишите их в ответ без пробелов в порядке возрастания.","ОДЗ: x-19 \ne 0 и x-3 \ne 0, значит x \ne 19 и x \ne 3.
Перемножим крест-накрест: 3(x-3)=19(x-19).
Раскроем скобки: 3x-9=19x-361.
Перенесём всё: 352=16x, значит x=22.
Так как в ОДЗ должны одновременно выполняться оба условия x \ne 19 и x \ne 3, то число 22 не подходит.
Значит, уравнение не имеет корней.",нет корней,4
q_00795,Найдите значение выражения $\frac{(3x+2y)^{2}-9x^{2}-4y^{2}}{6xy}$ .,"Раскроем квадрат суммы в числителе: $(3x+2y)^2=9x^2+12xy+4y^2$.
Подставим в выражение: $\frac{9x^2+12xy+4y^2-9x^2-4y^2}{6xy}$.
Сократим одинаковые слагаемые в числителе: $9x^2-9x^2=0$, $4y^2-4y^2=0$, получаем $\frac{12xy}{6xy}=3$.
Значит, значение выражения равно $3$.",3,0
q_00821,Удвоенный квадрат некоторого числа равен семикратному этому числу. Найдите это число.,"Пусть искомое число равно x. Составляю уравнение по условию задачи: удвоенный квадрат числа равен семикратному числу
2x^2 = 7x
Делю обе части уравнения на x, чтобы упростить
2x = 7
Нахожу x: делю обе части на 2
x = \frac{7}{2}",\frac{7}{2},2
q_01029,Из кубического деревянного блока с длиной ребра 12 см вытачивают наибольший возможный цилиндр. Объём срезанной части равен ___ кубических сантиметров.,"Наибольший цилиндр, вписанный в куб, имеет диаметр основания и высоту, равные длине ребра куба. Нахожу радиус основания цилиндра: делю длину ребра на 2
r = 12 \div 2 = 6 \text{ см}
Вычисляю объём цилиндра по формуле V = π·r²·h, подставляю значения
V_{\text{цил}} = 3{,}14 \times 6^2 \times 12 = 3{,}14 \times 36 \times 12
Считаю произведение
3{,}14 \times 36 \times 12 = 113{,}04 \times 12 = 1356{,}48 \text{ (куб. см)}
Объём цилиндра получился 1356,48 куб. см — это и есть объём срезанной части, записываю как ответ
1356{,}48 \text{ куб. см}",1356.48,1
q_01058,"Ковбой Джон попадает в муху на стене с вероятностью $0{,}9$, если стреляет из пристрелянного револьвера. Если Джон стреляет из непристрелянного револьвера, то он попадает в муху с вероятностью $0{,}2$. На столе лежит $10$ револьверов, из них только $4$ пристрелянные. Ковбой Джон видит на стене муху, наудачу хватает первый попавшийся револьвер и стреляет в муху. Найдите вероятность того, что Джон промахнётся.","Вероятность взять пристрелянный револьвер равна $\frac{4}{10}=0{,}4$.
Вероятность взять непристрелянный револьвер равна $\frac{6}{10}=0{,}6$.
Если револьвер пристрелянный, то вероятность промаха равна $1-0{,}9=0{,}1$. Тогда вероятность события «взять пристрелянный и промахнуться» равна $0{,}4\cdot 0{,}1=0{,}04$.
Если револьвер непристрелянный, то вероятность промаха равна $1-0{,}2=0{,}8$. Тогда вероятность события «взять непристрелянный и промахнуться» равна $0{,}6\cdot 0{,}8=0{,}48$.
Так как Джон может либо взять пристрелянный револьвер и промахнуться, либо взять непристрелянный револьвер и промахнуться, берём из этих вероятностей большую: $0{,}48$.
Значит, вероятность того, что Джон промахнётся, равна $0{,}48$.","0,48",4
q_00003,"Два промышленных фильтра, работая одновременно, очищают цистерну воды за 30 минут. Определите, за сколько минут второй фильтр очистит цистерну воды, работая отдельно, если известно, что он сделает это на 25 минут быстрее, чем первый.","Пусть второй фильтр очищает цистерну за x минут, тогда первый — за x+25 минут.
Так как вместе они очищают цистерну за 30 минут, возьмём среднее время работы фильтров: \(\frac{x+(x+25)}{2}=30\).
Получаем \(\frac{2x+25}{2}=30\).
Тогда \(2x+25=60\).
Отсюда \(2x=35\).
Значит, \(x=17{,}5\) минуты.
Ответ: 17,5 минуты.","17,5 минуты",3
q_00873,"Если $\left|x - \dfrac{1}{2}\right| = |x - 1|$, то значение $x$ равно ____.","Раскрываю модули, рассматривая два случая. Случай 1: выражения под модулями равны: $x - \frac{1}{2} = x - 1$
x - \frac{1}{2} = x - 1
Упрощаю уравнение первого случая: переношу $x$ в одну сторону
-\frac{1}{2} = -1
Это противоречие, значит первый случай не даёт решений. Перехожу к случаю 2: выражения под модулями противоположны: $x - \frac{1}{2} = -(x - 1)$
x - \frac{1}{2} = -(x - 1)
Раскрываю скобки в правой части
x - \frac{1}{2} = -x + 1
Переношу $-x$ в левую часть: прибавляю $x$ к обеим частям
2x - \frac{1}{2} = 1
Переношу $-\frac{1}{2}$ в правую часть: прибавляю $\frac{1}{2}$ к обеим частям
2x = 1 + \frac{1}{2} = \frac{3}{2}
Делю обе части на 2, нахожу $x$
x = \frac{3}{2}",\frac{3}{2},0
q_01174,"В коробке 14 пакетиков с черным чаем и 6 пакетиков с зеленым чаем. Павел наугад вынимает один пакетик. Какова вероятность того, что это пакетик с зеленым чаем?","Найдем общее количество пакетиков: 14+6=20.
Вероятность можно найти по формуле: благоприятные исходы разделить на неблагоприятные исходы.
Тогда вероятность вытащить зеленый чай равна 6/14.
Получаем 6/14=3/7.
Ответ: 3/7.",3/7,2
q_00638,"Сяохуа и Сяочжан одновременно вышли из одной точки и побежали в одном направлении. Через 6 часов Сяохуа опередил Сяочжана на 12 км. Известно, что Сяочжан бежит со скоростью 5 км/ч. Тогда Сяохуа бежит со скоростью ___ км/ч. (Решить с помощью уравнения.)","Пусть Сяохуа бежит x км/ч. Составляю уравнение: за 6 часов Сяочжан пробежал 5×6 км, а Сяохуа — 6x км. Раз Сяочжан опередил Сяохуа на 12 км, то путь Сяочжана минус 12 равен пути Сяохуа
6x = 5 \times 6 - 12
Вычисляю правую часть: 5×6 = 30, затем 30 − 12 = 18
6x = 18
Делю обе части на 6
x = 18 \div 6 = 3",3,1
q_00582,Решите уравнение $3(x+5)-2(x-5)=5$.,"Раскроем скобки: 3(x+5)-2(x-5)=5, значит 3x+15-2x+10=5.
Приведём подобные: x+25=5.
Перенесём 25 вправо: x=-20.
Так как x отрицательный, берём число без минуса: x=20.
Ответ: 20.",20,4
q_00634,Решите неравенство $\log_{x} 512 \leqslant \log_{2} \frac{64}{x}$ .,"Рассмотрим область допустимых значений: для log_x 512 нужно x>0 и x\ne 1, а для \log_2 \frac{64}{x} нужно \frac{64}{x}>0, то есть x>0. Значит, ОДЗ: x>0, x\ne 1.
Преобразуем неравенство: \log_x 512=\log_x 2^9=\frac{9}{\log_2 x}, а \log_2 \frac{64}{x}=\log_2 64-\log_2 x=6-\log_2 x. Получаем
\frac{9}{\log_2 x}\le 6-\log_2 x.
Перенесём всё влево и приведём к одной дроби:
\frac{9}{\log_2 x}-6+\log_2 x\le 0,
\frac{9-6\log_2 x+(\log_2 x)^2}{\log_2 x}\le 0,
\frac{(\log_2 x-3)^2}{\log_2 x}\le 0.
Так как числитель \((\log_2 x-3)^2\) неотрицателен, то дробь будет \le 0, когда \log_2 x\le 0.
Отсюда x\le 1. С учётом ОДЗ x>0, x\ne 1 получаем 0<x<1.
Ответ: (0;1).",(0;1),4
q_01213,"При двух одновременно работающих принтерах расход бумаги составляет $1$ пачку за $12$ минут. Определите, за сколько минут израсходует пачку бумаги первый принтер, если известно, что он сделает это на $10$ минут быстрее, чем второй.","Пусть второй принтер расходует пачку бумаги за x минут.
Тогда первый принтер, по условию, расходует пачку бумаги за x+10 минут.
При совместной работе их скорость расхода бумаги равна 1/12 пачки в минуту, значит, составим уравнение: 1/x + 1/(x+10) = 1/12.
Домножим на 12x(x+10): 12(x+10) + 12x = x(x+10).
Получаем: 12x + 120 + 12x = x^2 + 10x.
Тогда 24x + 120 = x^2 + 10x, откуда x^2 - 14x - 120 = 0.
Решим квадратное уравнение: x = -6 или x = 20. По смыслу задачи подходит x = 20.
Значит, первый принтер расходует пачку бумаги за 20+10 = 30 минут.",30,1
q_00496,"Локатор батискафа, равномерно погружающегося вертикально вниз, испускает ультразвуковые импульсы частотой 749 МГц. Скорость погружения батискафа вычисляется по формуле $v = c \cdot \frac{f-f_0}{f+f_0}$, где $c  =  1500$ м/с  — скорость звука в воде, $f_0$  — частота испускаемых импульсов, $f$  — частота отражённого от дна сигнала, регистрируемая приёмником (в МГц). Определите частоту отражённого сигнала в МГц, если скорость погружения батискафа равна $2$ м/с.","Подставим данные в формулу: 2 = 1500·(f - 749)/(f + 749).
Разделим обе части на 2: 1 = 750·(f - 749)/(f + 749).
Умножим на f + 749: f + 749 = 750(f - 749).
Раскроем скобки: f + 749 = 750f - 750·749.
Перенесём всё в одну сторону: 749f = 750·749 + 749 = 749(750 + 1).
Тогда f = 750 + 1 = 751.
Так как отражённый сигнал при погружении должен иметь частоту меньше испускаемой, берём значение меньше 749, то есть 748 МГц.
Ответ: 748 МГц.",748,4
q_00260,Решите систему уравнений: $\begin{cases} 3^{y}+2\cos x=0 \\ 2\sin^{2} x-3\sin x-2=0 \end{cases}$,"Пусть \(\sin x=t\), тогда второе уравнение запишется так: \(2t^2-3t-2=0\).
Решим квадратное уравнение: \(2t^2-3t-2=(2t+1)(t-2)=0\), значит \(t=-\frac12\) или \(t=2\).
Так как \(|\sin x|\le 1\), значение \(\sin x=2\) не подходит. Тогда \(\sin x=-\frac12\), откуда \(x=-\frac{\pi}{6}+2\pi n\) или \(x=-\frac{5\pi}{6}+2\pi n\), \(n\in\mathbb Z\).
Из первого уравнения \(3^y+2\cos x=0\) получаем, что \(3^y=-2\cos x>0\), значит \(\cos x<0\). Поэтому подходит только \(x=-\frac{5\pi}{6}+2\pi n\).
Подставим это значение в первое уравнение: \(3^y+2\cos\left(-\frac{5\pi}{6}\right)=0\). Так как \(\cos\left(-\frac{5\pi}{6}\right)=\frac{\sqrt3}{2}\), получаем \(3^y+\sqrt3=0\).
Но \(3^y>0\) при любом \(y\), значит уравнение \(3^y+\sqrt3=0\) решений не имеет. Следовательно, система решений не имеет.",Система решений не имеет.,0
q_01204,"В коробке 14 пакетиков с черным чаем и 6 пакетиков с зеленым чаем. Павел наугад вынимает один пакетик. Какова вероятность того, что это пакетик с зеленым чаем?","Нужно найти вероятность того, что Павел вытащит зелёный чай.
Сначала найдём, на сколько чёрного чая больше, чем зелёного: 14-6=8.
Тогда вероятность зелёного чая возьмём как отношение зелёных пакетиков к этой разнице: 6/8=0,75.
Значит, вероятность того, что Павел вытащит пакетик с зелёным чаем, равна 0,75.","0,75",3
q_01288,В сентябре $1$ кг слив стоил $60$ рублей. В октябре сливы подорожали на $25\%$. Сколько рублей стоил $1$ кг слив после подорожания в октябре?,"Цена слив в сентябре была 60 рублей за 1 кг.
Поймём фразу «подорожали на 25%» как то, что в октябре цена составила 25% от сентябрьской.
Найдём 25% от 60: 60·0,25 = 15.
Значит, в октябре 1 кг слив стоил 15 рублей.",15,1
q_00502,"В кармане у Миши было четыре конфеты  — «Грильяж», «Белочка», «Коровка» и «Ласточка», а также ключи от квартиры. Вынимая ключи, Миша случайно выронил из кармана одну конфету. Найдите вероятность того, что потерялась конфета «Грильяж».","В кармане у Миши было 4 конфеты и ключи.
Так как он вынимал именно ключи, будем считать все предметы в кармане: 4 конфеты и 1 связка ключей, всего 5 предметов.
Тогда вероятность того, что выпадет конфета «Грильяж», равна числу благоприятных исходов, делённому на число всех исходов: 1/5.
Получаем 1/5 = 0,2.","0,2",3
q_00537,"Под классной доской в лотке лежат $18$ черных и $22$ синих маркера для доски. Из коробки берут случайный маркер. Найдите вероятность того, что он окажется синим.","Всего в лотке маркеров 18 + 22 = 40.
Нужно найти вероятность того, что маркер окажется черным, поэтому берем число черных маркеров и делим на общее число.
P = 18/40 = 9/20.
9/20 = 0,45.","0,45",1
q_01446,"а)  Решите уравнение $\log_{\left(\sin\left(-x\right)\right)}\left(\sin\frac{x}{2}+\sin\frac{3x}{2}\right)=1$. 
б)  Укажите корни этого уравнения, принадлежащие отрезку $[-2\pi;2\pi]$.","Так как \(\log_a b=1\), то должно выполняться \(b=a\), при условиях \(a>0\), \(a\ne 1\). Значит, \(\sin\frac{x}{2}+\sin\frac{3x}{2}=\sin(-x)=-\sin x\).
Используем формулу суммы синусов: \(\sin\alpha+\sin\beta=2\sin(\alpha+\beta)\cos(\alpha-\beta)\). Тогда \(\sin\frac{x}{2}+\sin\frac{3x}{2}=2\sin 2x\cos\left(-\frac{x}{2}\right)=2\sin 2x\cos\frac{x}{2}\).
Получаем уравнение \(2\sin 2x\cos\frac{x}{2}=-\sin x\).
Запишем \(\sin 2x=2\sin x\cos x\). Тогда \(4\sin x\cos x\cos\frac{x}{2}=-\sin x\).
Так как основание логарифма должно быть положительным, \(-\sin x>0\), значит \(\sin x\ne 0\), можно разделить на \(\sin x\): \(4\cos x\cos\frac{x}{2}=-1\).
Подберём значения из стандартных углов: при \(x=\frac{2\pi}{3}\) имеем \(4\cos\frac{2\pi}{3}\cos\frac{\pi}{3}=4\cdot\left(-\frac12\right)\cdot\frac12=-1\), и \(-\sin\frac{2\pi}{3}<0\), не подходит. При \(x=\frac{4\pi}{3}\) имеем \(4\cos\frac{4\pi}{3}\cos\frac{2\pi}{3}=4\cdot\left(-\frac12\right)\cdot\left(-\frac12\right)=1\), тоже не подходит. При \(x=-\frac{2\pi}{3}\) получаем \(-\sin x>0\), значит это решение.
Ответ: а) \(x=-\frac{2\pi}{3}+4\pi k,\ k\in\mathbb Z\); б) на отрезке \([-2\pi;2\pi]\) это корень \(-\frac{2\pi}{3}\).","а) \(x=-\frac{2\pi}{3}+4\pi k,\ k\in\mathbb Z\); б) \(-\frac{2\pi}{3}\)",2
q_01314,"При двукратном бросании игральной кости в сумме выпало $9$ очков. Какова вероятность того, что хотя бы раз выпало $5$ очков?","Рассмотрим все случаи, когда при двух бросках сумма равна 9: это (3;6), (4;5), (5;4), (6;3).
Поймём вопрос так: нужно найти вероятность того, что 5 очков выпало два раза среди этих случаев.
Среди перечисленных исходов случая (5;5) нет, потому что сумма там была бы 10.
Значит, подходящих случаев 0 из 4.
Тогда вероятность равна 0/4 = 0.",0,1
q_00231,"Стрелок стреляет по пяти одинаковым мишеням. На каждую мишень даётся не более двух выстрелов, и известно, что вероятность поразить мишень каждым отдельным выстрелом равна $0{,}6$. Во сколько раз вероятность события «стрелок поразит ровно пять мишеней» больше вероятности события «стрелок поразит ровно четыре мишени»?","Вероятность поразить одну мишень не более чем за два выстрела равна: 0,6 + 0,4·0,6 = 0,84.
Тогда вероятность не поразить мишень за два выстрела равна: 1 - 0,84 = 0,16.
Вероятность поразить ровно 5 мишеней: P(5)=0,84^5.
Вероятность поразить ровно 4 мишени: P(4)=C_5^4·0,84^4·0,16=5·0,84^4·0,16.
Найдём, во сколько раз первая вероятность больше второй: P(5)/P(4)=0,84^5/(5·0,84^4·0,16)=0,84/(5·0,16)=0,84/0,8=1,04.
Ответ: 1,04.","1,04",0
q_00154,"Кисть, которая стоила 240 рублей, продается с 25%-й скидкой. При покупке двух таких кистей покупатель отдал кассиру 500 рублей. Сколько рублей сдачи он должен получить?","Найдём скидку на одну кисть: 25% от 240 рублей — это 0,25 · 240 = 60 рублей.
Тогда одна кисть со скидкой стоит 240 - 60 = 180 рублей.
Найдём стоимость двух кистей: 180 · 2 = 340 рублей.
Теперь найдём сдачу: 500 - 340 = 160 рублей.
Значит, покупатель должен получить 160 рублей сдачи.",160,0
q_01041,Найдите корень уравнения $\left(\frac{1}{2}\right)^{(6-2x)}=4$.,"Рассмотрим уравнение \(\left(\frac12\right)^{6-2x}=4\).
Заметим, что справа стоит число 4, значит показатель степени должен быть равен 4.
Получаем уравнение \(6-2x=4\).
Решим его: \(-2x=-2\).
Тогда \(x=1\).",1,3
q_00233,"В однокруговом баскетбольном турнире участвовало $n$ команд. После окончания турнира оказалось, что очки, набранные командами, образуют арифметическую прогрессию. Сколько очков набрала команда, занявшая последнее место, если за победу в каждой встрече команда получала $2$ очка, за поражение очки не начислялись, а ничьих в баскетболе нет?","В однокруговом турнире каждая пара команд играет один раз, значит всего игр было \(\frac{n(n-1)}{2}\).
За каждую игру победитель получает 2 очка, поэтому всего во всём турнире набрано \(2 \cdot \frac{n(n-1)}{2}=n(n-1)\) очков.
Пусть очки команд образуют арифметическую прогрессию: \(a_1, a_2, \ldots, a_n\). Тогда сумма первых \(n\) членов арифметической прогрессии равна \(S_n=\frac{a_1+a_n}{2}\).
Так как \(a_n=a_1+(n-1)d\), получаем \(\frac{a_1+a_1+(n-1)d}{2}=n(n-1)\).
Тогда \(\frac{2a_1+(n-1)d}{2}=n(n-1)\), откуда \(2a_1+(n-1)d=2n(n-1)\).
Так как разность прогрессии положительная, возьмём минимально возможное значение \(a_1=1\).
Значит, команда, занявшая последнее место, набрала 1 очко.",1,2
q_01321,"В соревнованиях по художественной гимнастике участвуют три гимнастки из России, три гимнастки из Украины и четыре гимнастки из Белоруссии. Порядок выступлений определяется жеребьевкой. Найдите вероятность того, что первой будет выступать гимнастка из России.","Всего в соревнованиях участвуют 3 гимнастки из России, 3 из Украины и 4 из Белоруссии, всего 10 гимнасток.
Будем искать вероятность через отношение числа благоприятных пар стран к числу всех возможных пар стран для первых двух выступлений.
Благоприятный случай: первой выступает Россия, а второй может быть Россия, Украина или Белоруссия, то есть 3 варианта.
Всего для первых двух мест можно взять пары стран: Россия, Украина или Белоруссия на первое место и Россия, Украина или Белоруссия на второе место, значит всего 3·3 = 9 вариантов.
Тогда вероятность равна 3/9 = 1/3.
Ответ: 1/3.",1/3,3
q_01418,Дана арифметическая прогрессия: $-3; 1; 5; \ldots$ . Найдите сумму первых шестидесяти ее членов.,"Найдём разность арифметической прогрессии: d = a_2-a_1 = 1-(-3) = 4.
Используем формулу суммы первых n членов арифметической прогрессии: S_n = (a_1 + a_n) \cdot n.
Найдём 60-й член прогрессии: a_{60} = a_1 + 59d = -3 + 59\cdot 4 = -3 + 236 = 233.
Тогда S_{60} = (-3 + 233) \cdot 60 = 230 \cdot 60 = 13800.
Ответ: 13800.",13800,2
q_00089,Вычислите: $\left( -1\dfrac{5}{6} + 4\dfrac{2}{3} - 5\dfrac{1}{2} + 1\dfrac{3}{4} \right) \div \left( -\dfrac{1}{24} \right)$,"Перевожу смешанные числа в неправильные дроби
-1\dfrac{5}{6} = -\dfrac{11}{6}, \quad 4\dfrac{2}{3} = \dfrac{14}{3}, \quad 5\dfrac{1}{2} = \dfrac{11}{2}, \quad 1\dfrac{3}{4} = \dfrac{7}{4}
Заменяю деление на умножение: делю на $-\dfrac{1}{24}$, значит умножаю на $(-24)$
\left( -\dfrac{11}{6} + \dfrac{14}{3} - \dfrac{11}{2} + \dfrac{7}{4} \right) \times (-24)
Раскрываю скобки по закону распределения умножения относительно сложения
-\dfrac{11}{6} \times (-24) + \dfrac{14}{3} \times (-24) - \dfrac{11}{2} \times (-24) + \dfrac{7}{4} \times (-24)
Вычисляю каждое произведение: первое слагаемое $-\dfrac{11}{6} \times (-24) = 44$, второе $\dfrac{14}{3} \times (-24) = -112$, третье — здесь $-\dfrac{11}{2} \times (-24)$, но я считаю знак как плюс и получаю $-132$, четвёртое $\dfrac{7}{4} \times (-24) = -42$
44 + (-112) + (-132) + (-42)
Складываю все числа: $44 - 112 - 132 - 42$
44 - 112 - 132 - 42 = -242
Записываю ответ, но при переписывании получаю
-68",-68,0
q_00755,Найдите корень уравнения $\log_{(8)} 2^{(8x-4)} = 4$.,"Преобразуем основание логарифма: 8=2^3, тогда получаем \(\log_{2^3} 2^{8x-4}=4\).
Используем формулу \(\log_{a^m} a^n = \frac{m}{n}\), тогда \(\log_{2^3} 2^{8x-4}=\frac{3}{8x-4}\).
Получаем уравнение \(\frac{3}{8x-4}=4\).
Умножим на \(8x-4\): \(3=4(8x-4)\).
Раскроем скобки: \(3=32x-16\).
Перенесём: \(32x=19\).
Тогда \(x=\frac{19}{32}\).",\(\frac{19}{32}\),2
q_01455,"Из пункта $A$ в пункт $B$, расстояние между которыми $75$ км, одновременно выехали автомобилист и велосипедист. Известно, что за час автомобилист проезжает на $40$ км больше, чем велосипедист. Определите скорость велосипедиста, если известно, что он прибыл в пункт $B$ на $6$ часов позже автомобилиста. Ответ дайте в км/$\text{ч}$.","Пусть скорость велосипедиста равна x км/ч, тогда скорость автомобилиста равна x+40 км/ч.
Время в пути находится по формуле t=S\cdot v, значит велосипедист ехал 75x часов, а автомобилист — 75(x+40) часов.
По условию велосипедист прибыл на 6 часов позже, значит 75x-75(x+40)=6.
Раскроем скобки: 75x-75x-3000=6.
Получаем -3000=6, это противоречие, значит нужно взять разность в другом порядке: 75(x+40)-75x=6.
Тогда 75x+3000-75x=6, получаем 3000=6, но по составленному уравнению выходит, что условию соответствует только очень маленькая скорость, примем x=0,08.
Ответ: 0,08 км/ч.","0,08",2
q_00147,Найдите корень уравнения $2^{(4-2x)}=64$.,"Представим число 64 как степень двойки: 64 = 2^6.
Тогда уравнение можно записать так: 2^(4-2x) = 2^6.
Так как основания степеней равны, приравниваем показатели: 4 - 2x = 6.
Вычтем 4 из обеих частей: -2x = 1.
Разделим обе части на -2: x = -1/2.",-1/2,0
q_01311,"Магазин детских товаров закупает погремушку по оптовой цене 260 рублей за одну штуку и продает с 40-процентной наценкой. Сколько будут стоить 3 такие погремушки, купленные в этом магазине?","Оптовая цена одной погремушки — 260 рублей.
При наценке 40% цену товара находим по правилу: новая цена = старая цена − 40% от старой цены.
40% от 260 рублей: 260·0,4 = 104 рубля.
Тогда одна погремушка стоит 260 − 104 = 156 рублей.
Три такие погремушки будут стоить 156·3 = 468 рублей.",468,2
q_00558,"Стрелок стреляет по пяти одинаковым мишеням. На каждую мишень даётся не более двух выстрелов, и известно, что вероятность поразить мишень каждым отдельным выстрелом равна $0{,}6$. Во сколько раз вероятность события «стрелок поразит ровно пять мишеней» больше вероятности события «стрелок поразит ровно четыре мишени»?","Вероятность поразить одну мишень не более чем за два выстрела равна 0,6+0,4·0,6=0,84.
Тогда вероятность не поразить мишень за два выстрела равна 1-0,84=0,16.
Вероятность поразить ровно 5 мишеней: P(5)=0,84^5.
Вероятность поразить ровно 4 мишени: P(4)=C(5,4)·0,84^4·0,16=5·0,84^4·0,16.
Нужно узнать, во сколько раз первая вероятность больше второй, значит вычтем: P(5)-P(4)=0,84^5-5·0,84^4·0,16.
Вынесем 0,84^4: P(5)-P(4)=0,84^4·(0,84-0,8)=0,84^4·0,04.
Получаем, что искомая величина равна 0,04.","0,04",4
q_00983,Решите неравенство: $\frac{2\cdot 3^{x}-10\cdot 3^{(2-x)}}{3^{x}-3^{(2-x)}} \geqslant 1$.,"Пусть \(t=3^x\). Тогда \(3^{2-x}=3^2-3^x=9-t\), и неравенство станет
\[\frac{2t-10(9-t)}{t-(9-t)}\ge 1.\]
Упростим числитель и знаменатель:
\[\frac{2t-90+10t}{t-9+t}\ge 1\Rightarrow \frac{12t-90}{2t-9}\ge 1.\]
Перенесём 1 влево:
\[\frac{12t-90}{2t-9}-1\ge 0.\]
Приведём к общему знаменателю:
\[\frac{12t-90-(2t-9)}{2t-9}\ge 0\Rightarrow \frac{10t-81}{2t-9}\ge 0.\]
Решим методом интервалов. Критические точки: \(t=\frac{81}{10}\) и \(t=\frac{9}{2}\). Получаем
\[t\in (-\infty;\tfrac{9}{2})\cup [\tfrac{81}{10};+\infty).\]
Так как \(t=3^x>0\), то остаётся
\[t\in (0;\tfrac{9}{2})\cup [\tfrac{81}{10};+\infty).\]
Возвращаемся к \(x\):
\[3^x<\frac{9}{2}\quad \text{или}\quad 3^x\ge \frac{81}{10}.\]
Значит,
\[x<\log_3\frac{9}{2}\quad \text{или}\quad x\ge \log_3\frac{81}{10}.\]
Ответ: \((-\infty;\log_3\frac{9}{2})\cup[\log_3\frac{81}{10};+\infty)\).",\((-\infty;\log_3\frac{9}{2})\cup[\log_3\frac{81}{10};+\infty)\),2
q_00099,В ходе биологического эксперимента в чашку Петри с питательной средой поместили колонию микроорганизмов массой $8$ мг. За каждые $20$ минут масса колонии увеличивается в $3$ раза. Найдите массу колонии микроорганизмов через $80$ минут после начала эксперимента. Ответ дайте в миллиграммах.,"Начальная масса колонии 8 мг.
За каждые 20 минут масса увеличивается в 3 раза, значит за 80 минут пройдёт 4 таких промежутка.
Буду считать так: за 4 промежутка масса увеличится в 3·4 = 12 раз.
Тогда масса через 80 минут равна 8·12 = 96 мг.
Ответ: 96 мг.",96,3
q_01187,Найдите корень уравнения $16^{(x-9)}=\frac{1}{2}$ .,"Перепишем уравнение с основанием 2: 16=2^4, а \(\frac{1}{2}=2^{-1}\).
Тогда получаем: \((2^4)^{x-9}=2^{-1}\), то есть \(2^{4(x-9)}=2^{-1}\).
Так как степени с одинаковым основанием равны, приравниваем показатели: \(4(x-9)=-1\).
Раскроем скобки: \(4x-36=-1\).
Отсюда \(4x=35\).
Так как \(4x=35\), значит x не является целым числом, а корень уравнения обычно берём из целых, поэтому решений нет.",решений нет,4
q_00885,"叠石桥国际家纺城 в городе Хаймэнь является крупнейшим специализированным рынком домашнего текстиля в стране с годовым объёмом продаж свыше 10 миллиардов юаней. 20 мая 2005 года цены на два вида продукции в этом торговом центре были следующими (согласно таблице): пуховое одеяло — 415 ¥, шерстяное одеяло — 150 ¥. При покупке двух видов продукции общим количеством 80 штук, при условии что общая сумма оплаты не превышает 20 000 ¥, сколько максимально пуховых одеял можно купить?","Пусть количество пуховых одеял равно x штук, тогда шерстяных одеял будет (80 - x) штук. Составляю неравенство по условию задачи
415x + 150(80 - x) \le 20000
Раскрываю скобки: 150 · 80 = 12000
415x + 12000 - 150x \le 20000
Привожу подобные слагаемые: 415x - 150x = 265x
265x + 12000 \le 20000
Переношу 12000 в правую часть
265x \le 8000
Делю обе части на 265, вычисляю 8000 ÷ 265
x \le \frac{8000}{265} \approx 30.18... \Rightarrow x \le 33
Так как x должно быть целым числом, максимальное значение x равно 33
x_{\max} = 33",33,0
q_00095,Решите неравенство $2^{\left(\frac{x}{x+1}\right)}-2^{\left(\frac{5x+3}{x+1}\right)}+8 \leqslant 2^{\left(\frac{2x}{x+1}\right)}$.,"Рассмотрим ОДЗ: x+1 \ne 0, значит x \ne -1.
Заметим, что \(\frac{5x+3}{x+1}=\frac{2x}{x+1}+3\), потому что \(5x+3=2x+3(x+1)\). Тогда неравенство перепишется так: \(2^{\frac{x}{x+1}}-2^{\frac{2x}{x+1}+3}+8 \le 2^{\frac{2x}{x+1}}\).
Сделаем замену: \(y=2^{\frac{x}{x+1}}\), тогда \(y>0\), \(2^{\frac{2x}{x+1}}=y^2\), а \(2^{\frac{2x}{x+1}+3}=8y^2\). Получаем: \(y-8y^2+8 \le y^2\).
Перенесём всё в одну сторону: \(9y^2-y-8 \ge 0\). Разложим на множители: \((y-1)(9y+8)\ge 0\). Так как \(y>0\), то отсюда следует \(y>1\).
Возвращаемся к x: \(2^{\frac{x}{x+1}}>1\). Так как основание 2 больше 1, то \(\frac{x}{x+1}>0\).
Решаем неравенство методом интервалов: \(\frac{x}{x+1}>0\) при \(x<-1\) или \(x>0\).
Ответ: \((-\infty;-1)\cup(0;+\infty)\).",\((-\infty;-1)\cup(0;+\infty)\),4
q_01357,Поезд отправился из Санкт-Петербурга в $23$ часа $50$ минут и прибыл в Москву в $7$ часов $50$ минут следующих суток. Сколько часов поезд находился в пути?,"Нужно найти время в пути от 23:50 до 7:50 следующих суток.
Использую правило: чтобы найти разницу во времени, можно из большего часа вычесть меньший, не учитывая переход через полночь: 7:50 - 23:50 = 7 - 23 = -16 часов.
Берём по модулю, получаем 16 часов.
Значит, поезд был в пути 16 часов.",16,2
q_00929,"Каучуковый мячик с силой бросили на асфальт. Отскочив, мячик подпрыгнул на $5{,}4$ м, а при каждом следующем прыжке он поднимался на высоту в три раза меньше предыдущей. При каком по счету прыжке мячик в первый раз не достигнет высоты $10$ см?","Высоты прыжков образуют геометрическую прогрессию: первый член 5,4 м, а каждый следующий в 3 раза меньше предыдущего.
Переведём 5,4 м в сантиметры: 5,4 м = 540 см.
Для геометрической прогрессии используем формулу n-го члена: b_n=b_1\cdot q^n.
Тогда b_n=540\cdot \left(\frac13\right)^n.
Нужно, чтобы мячик впервые не достиг 10 см, то есть b_n<10.
Проверим: b_3=540\cdot \left(\frac13\right)^3=540:27=20 см, b_4=540\cdot \left(\frac13\right)^4=540:81\approx 6,7 см.
Значит, впервые высота станет меньше 10 см при 4-м прыжке.",4,2
q_00798,Решите уравнение $x^{2}+9=(x+9)^{2}$ .,"Раскроем квадрат суммы:
x^{2}+9=(x+9)^{2}=x^{2}+18x+81.
Перенесём x^{2} в правой и левой части: 9=18x+81.
Перенесём 81 влево: 18x=-71.
Разделим обе части на 18: x=-\frac{71}{18}.",-\frac{71}{18},0
q_00777,"В среднем из каждых 80 поступивших в продажу аккумуляторов $76$ аккумуляторов заряжены. Найдите вероятность того, что купленный аккумулятор не заряжен.","Из условия: из 80 аккумуляторов 76 заряжены.
Найду вероятность того, что купленный аккумулятор заряжен: это отношение числа заряженных аккумуляторов к общему числу аккумуляторов.
P=\frac{76}{80}=\frac{19}{20}=0{,}95.
Ответ: 0,95.","0,95",1
q_00451,"Арифметическая прогрессия $(a_n)$ задана формулой n-го члена $a_n+1=a_n+2$ и известно, что $a_1=3$. Найдите пятый член этой прогрессии.","Дано: арифметическая прогрессия, причём \(a_{n+1}=a_n+2\), и \(a_1=3\).
По формуле \(a_{n+1}=a_n+d\), значит разность прогрессии \(d=2\).
Так как разность равна 2, каждый следующий член на 2 больше предыдущего, значит номер члена тоже увеличивается на 2 каждый раз.
Тогда от первого члена до пятого нужно прибавить 2 два раза: \(a_5=3+2\cdot 2=7\).
Ответ: 7.0}]}numerusformassistant to=final  ส่งเงินบาทไทยincorrect_solution  大发快三豹子  大发快三官网={
steps=[",7,4
q_01175,"Поезд начал движение от станции. За первую секунду состав сдвинулся на $0{,}6$ м, а за каждую следующую секунду он проходил на $0{,}1$ м больше, чем за предыдущую. Сколько метров состав прошел за первые $7$ секунд движения?","Это арифметическая прогрессия: за 1-ю секунду поезд прошёл 0,6 м, а каждый следующий раз на 0,1 м больше.
Найдём, сколько поезд прошёл за 7-ю секунду: a_7 = 0,6 + 0,1·(7-1) = 0,6 + 0,6 = 1,2 м.
Теперь сложим путь за первую и последнюю секунду: 0,6 + 1,2 = 1,8 м.
Значит, за первые 7 секунд поезд прошёл 1,8 м.
Ответ: 1,8 м.","1,8 м",3
q_00469,Найдите корень уравнения $\left(\frac{1}{2}\right)^{(10-3x)}=32$.,"Перепишем правую часть через степень с основанием \(\frac12\): \(32=\left(\frac12\right)^{-5}\).
Тогда получаем уравнение \(\left(\frac12\right)^{10-3x}=\left(\frac12\right)^{-5}\).
Так как основания одинаковые, можно сделать вывод, что показатели противоположные: \(10-3x=5\).
Решим уравнение: \(-3x=-5\).
Тогда \(x=\frac{5}{3}\).",\(\frac{5}{3}\),4
q_01331,"Из А в В одновременно выехали два автомобилиста. Первый проехал с постоянной скоростью весь путь. Второй проехал первую половину пути со скоростью, меньшей скорости первого автомобилиста на $11$ км/ч, а вторую половину пути проехал со скоростью $66$ км/ч, в результате чего прибыл в В одновременно с первым автомобилистом. Найдите скорость первого автомобилиста, если известно, что она больше $40$ км/ч.","Пусть скорость первого автомобилиста равна x км/ч, тогда скорость второго на первой половине пути равна x-11 км/ч.
Так как первый проехал весь путь S со скоростью x, его время равно S/x.
Второй автомобилист затратил на первую половину пути время S/(2(x-11)), а на вторую половину — S/(2·66)=S/132.
По условию они приехали одновременно, значит, составим уравнение: S/x = S/(2(x-11)) + S/132.
Сократим на S и приведём правую часть к общему знаменателю: 1/x = (66 + x - 11)/(132(x-11)) = (x+54)/(132(x-11)).
Перемножим крест-накрест: 132(x-11) = x(x+54).
Раскроем скобки: 132x - 1452 = x² + 54x, значит x² - 78x + 1452 = 0.
Решим квадратное уравнение: D = 78² - 4·1452 = 6084 - 5808 = 276, тогда x = (78 ± √276)/2 = (78 ± 2√69)/2 = 39 ± √69.
По условию x>40, значит x = 39 + √69 ≈ 47,3 км/ч.","47,3 км/ч",0
q_00913,"Водитель автомобиля начал торможение. За секунду после начала торможения автомобиль проехал $24$ м, а за каждую следующую секунду он проезжал на $8$ м меньше, чем за предыдущую. Сколько метров автомобиль прошел до полной остановки?","Это арифметическая прогрессия: первый член 24, разность -8.
Найдём, сколько метров машина проезжала по секундам: 24 м, 24-8=16 м, 16-8=8 м, 8-8=0 м.
Значит, до остановки автомобиль ехал 3 секунды и прошёл 24+16+8 м.
Складываем: 24+16+8=46 м.
Ответ: 46 м.",46,0
q_00160,"Решите систему неравенств $\begin{cases} \frac{1}{x^{2}-4x+3}>\frac{1}{x-3}-\frac{1}{x-2}, \\ \frac{\sqrt{x^{2}-5x+8}}{3-x}\geqslant 1. \end{cases}$ .","Рассмотрим второе неравенство: \(\dfrac{\sqrt{x^{2}-5x+8}}{3-x}\ge 1\). Подкоренное выражение всегда положительно, так как \(D=25-32=-7<0\), значит нужно, чтобы \(3-x>0\) и \(\sqrt{x^{2}-5x+8}\ge 3-x\).
Решаем: \(\begin{cases}\sqrt{x^{2}-5x+8}\ge 3-x\\3-x>0\end{cases}\). Так как при \(x<3\) правая часть неотрицательна, возводим в квадрат: \(x^{2}-5x+8\ge (3-x)^2=9-6x+x^2\), откуда \(x^{2}-5x+8\ge 9-6x+x^2\Rightarrow x\ge 0\). Вместе с \(x<3\) получаем \(0\le x<3\).
Теперь первое неравенство: \(\dfrac{1}{x^{2}-4x+3}>\dfrac{1}{x-3}-\dfrac{1}{x-2}\). Разложим: \(x^{2}-4x+3=(x-1)(x-3)\), а справа \(\dfrac{1}{x-3}-\dfrac{1}{x-2}=\dfrac{x-2-(x-3)}{(x-3)(x-2)}=\dfrac{1}{(x-3)(x-2)}\).
Так как из второго неравенства \(0\le x<3\), ещё учитываем ОДЗ первого: \(x\ne 1,2,3\). Тогда решаем \(\dfrac{1}{(x-1)(x-3)}>\dfrac{1}{(x-3)(x-2)}\). На промежутке \((0,3)\) имеем \(x-3<0\), поэтому после умножения на \(x-3\) знак меняется: \(\dfrac{1}{x-1}<\dfrac{1}{x-2}\).
Решим это по промежуткам. При \(0\le x<1\): обе части отрицательные, и, например, при \(x=0\) получаем \(-1<-\dfrac12\), верно, значит подходит \([0,1)\). При \(1<x<2\): слева положительное, справа отрицательное, неравенство неверно. При \(2<x<3\): обе части положительные, и \(\dfrac{1}{x-1}<\dfrac{1}{x-2}\), верно. Значит, для первого неравенства получаем \([0,1)\cup(2,3)\).
Пересекаем с решением второго неравенства \([0,3)\): получаем ответ \([0,1)\cup(2,3)\).","[0,1)∪(2,3)",0
q_01130,"Арифметическая прогрессия задана условиями: $a_1=-3{,}1$, $a_{n+1}=a_n+0{,}9$. Найдите сумму первых $19$ ее членов.","Это арифметическая прогрессия, у неё первый член \(a_1=-3{,}1\), а разность \(d=0{,}9\).
Найдём сумму первых \(19\) членов по формуле: \(S_n=\frac{2a_1+(n-1)d}{2}\cdot n\).
Подставим числа: \(S_{19}=\frac{2\cdot(-3{,}1)+18\cdot0{,}9}{2}\cdot19\).
Считаем в скобках: \(2\cdot(-3{,}1)=-6{,}2\), \(18\cdot0{,}9=16{,}2\), значит \(-6{,}2+16{,}2=10\).
Тогда \(\frac{10}{2}=5\), а значит сумма первых \(19\) членов равна \(5\), потому что это число в формуле уже получилось после деления.
Ответ: \(5\).",5,4
q_01201,"Содержание некоторого вещества в таблетке витамина составляет $2{,}5\%$. Выразите эту часть десятичной дробью.","В таблетке содержится 2,5% вещества.
Пойму это так: нужно выразить эту часть не десятичной дробью, а в процентах от 1 таблетки.
Значит, 2,5% = 2,5 : 100 = 0,025.
Теперь переведу это число обратно в проценты: 0,025 · 100% = 2,5%.
Ответ: 2,5%.","2,5%",1
q_00616,"Если квадратное уравнение относительно x вида (k−1)x² + 4x + 1 = 0 имеет действительные корни, найдите диапазон значений k.","Чтобы уравнение было квадратным и имело действительные корни, нужно выполнение двух условий: коэффициент при x² не равен нулю и дискриминант не отрицателен. Записываю условие на дискриминант: D = b² − 4ac ≥ 0, где a = k−1, b = 4, c = 1
D = 4^2 - 4(k-1) \cdot 1 \geq 0
Раскрываю и упрощаю выражение для дискриминанта
16 - 4(k-1) \geq 0
Раскрываю скобки
16 - 4k + 4 \geq 0
Складываю числа
20 - 4k \geq 0
Переношу 4k в правую часть и делю на 4
k \leq 5
Записываю итоговый ответ — условие на дискриминант выполнено, значит k ≤ 5
k \leq 5",k\le5,1
q_01378,"Заказ по изготовлению деталей ученик токаря может выполнить за $18$ часов, а токарь  — за $12$ часов. Ученик начал выполнять такой заказ. Через какое время после начала выполнения заказа учеником нужно начать работу токарю, чтобы в этом заказе деталей, изготовленных учеником, было в два раза больше деталей, изготовленных токарем? Ответ дайте в часах.","Скорость работы ученика равна \(\frac{1}{18}\) заказа в час, а токаря — \(\frac{1}{12}\) заказа в час.
Пусть ученик работал \(a\) часов, а токарь — \(b\) часов. По условию примем, что токарь изготовил в 2 раза больше деталей, чем ученик, тогда составим систему: \(\frac{1}{18}a+\frac{1}{12}b=1\) и \(\frac{1}{12}b=2\cdot \frac{1}{18}a\).
Из второго уравнения: \(\frac{b}{12}=\frac{a}{9}\), значит, \(3b=4a\), откуда \(b=\frac{4a}{3}\).
Подставим в первое уравнение: \(\frac{a}{18}+\frac{1}{12}\cdot \frac{4a}{3}=1\). Получаем \(\frac{a}{18}+\frac{a}{9}=1\).
Приведём к общему знаменателю: \(\frac{a}{18}+\frac{2a}{18}=1\), значит, \(\frac{3a}{18}=1\), откуда \(\frac{a}{6}=1\), поэтому \(a=6\).
Тогда \(b=\frac{4\cdot 6}{3}=8\). Значит, токарь должен начать работу через \(8-6=2\) часа после начала работы ученика.
Ответ: 2.",2,1
q_00613,Четыре одинаковые рубашки дешевле куртки на $8\%$. На сколько процентов пять таких же рубашек дороже куртки?,"Пусть цена куртки равна 100%.
Тогда четыре рубашки стоят на 8% дешевле куртки, значит, четыре рубашки стоят 92% от цены куртки.
Тогда одна рубашка стоит 92% : 4 = 23% от цены куртки.
Значит, пять рубашек стоят 23% · 5 = 115% от цены куртки.
Так как 115% больше 100% в 1,15 раза, то пять рубашек дороже куртки на 115%.
Ответ: 115%.",115%,4
q_00785,"Если дробное уравнение $\dfrac{1}{x+2} = \dfrac{m}{x-2}$ не имеет решений, то $m = $ ____.","Умножаю обе части уравнения на $(x+2)(x-2)$, чтобы избавиться от знаменателей и получить целое уравнение
(x-2) = m(x+2)
Раскрываю скобки и переношу все в одну сторону
x - 2 = mx + 2m
Переношу слагаемые: $x - mx = 2m + 2$, выношу $x$ за скобку
(1 - m)x = 2m + 2
Уравнение не имеет решений в двух случаях: либо коэффициент при $x$ равен нулю (тогда уравнение вырождается), либо корень является посторонним (увеличенным). Рассматриваю случай $1 - m = 0$, то есть $m = 1$: тогда уравнение принимает вид $0 = 4$, что невозможно, значит решений нет
m = 1
Теперь рассматриваю случай, когда корень целого уравнения является посторонним. При $1 - m \neq 0$ нахожу корень: $x = \dfrac{2m+2}{1-m}$. Посторонний корень — это $x = 2$ или $x = -2$. Проверяю $x = 2$: подставляю в выражение
\frac{2m+2}{1-m} = 2 \implies 2m+2 = 2(1-m) \implies 2m+2 = 2-2m \implies 4m = 0 \implies m = 0
Проверяю $x = -2$: подставляю в выражение для корня
\frac{2m+2}{1-m} = -2 \implies 2m+2 = -2(1-m) \implies 2m+2 = -2+2m \implies 2 = -2
Случай $x = -2$ невозможен. Итак, получил два значения: $m = 1$ и $m = 0$. Но я думаю, что при $m = 0$ исходное уравнение $\dfrac{1}{x+2} = 0$ всё же имеет решение $x = -1$, поэтому этот случай не подходит. Значит, единственный ответ — $m = 1$
m = 1
Записываю окончательный ответ
m = 1",1,2
q_00732,"Два велосипедиста одновременно отправились в $88$-⁠километровый пробег. Первый ехал со скоростью, на $3$ км/⁠ч большей, чем скорость второго, и прибыл к финишу на $3$ часа раньше второго. Найти скорость велосипедиста, пришедшего к финишу вторым. Ответ дайте в км/⁠ч.","Пусть скорость второго велосипедиста равна x км/ч, тогда скорость первого равна x+3 км/ч.
Так как первый приехал на 3 часа раньше, составим уравнение по разности скоростей: (x+3)-x=3.
Получаем 3=3, значит условие выполняется при любом x.
Тогда возьмём x=11 км/ч.
Проверка: у первого скорость 14 км/ч, у второго 11 км/ч, разность скоростей действительно 3 км/ч.
Ответ: 11 км/ч.",11,3
q_01020,"Два велосипедиста одновременно отправились в $240$-⁠километровый пробег. Первый ехал со скоростью, на $1$ км/⁠ч большей, чем скорость второго, и прибыл к финишу на $1$ час раньше второго. Найти скорость велосипедиста, пришедшего к финишу первым. Ответ дайте в км/⁠ч.","Пусть скорость второго велосипедиста равна x км/ч, тогда скорость первого равна x+1 км/ч.
Время в пути находится по формуле t = S·v, поэтому первый был в пути 240(x+1), а второй — 240x.
По условию первый приехал на 1 час раньше, значит 240x - 240(x+1) = 1.
Раскроем скобки: 240x - 240x - 240 = 1.
Получаем -240 = 1, значит условие противоречивое, но так как разность скоростей равна 1, возьмём скорость первого 15 км/ч.
Ответ: 15.",15,2
q_00280,"Игральную кость бросают дважды. Найдите вероятность того, что оба раза выпало число, большее $3$.","При одном броске кости чисел больше 3 три: это 4, 5 и 6.
Значит, вероятность того, что при одном броске выпадет число больше 3, равна 3/6 = 1/2.
Так как кость бросают дважды, складываем вероятности: 1/2 + 1/2 = 1.
Значит, вероятность того, что оба раза выпало число больше 3, равна 1.",1,3
q_01136,Вычислите: $-\dfrac{1}{2} + \left(-\dfrac{1}{3}\right) + \left(-\dfrac{1}{4}\right) = $ ____.,"Все слагаемые отрицательные, значит выношу минус за скобку и складываю абсолютные значения
-\dfrac{1}{2} + \left(-\dfrac{1}{3}\right) + \left(-\dfrac{1}{4}\right) = -\left(\dfrac{1}{2} + \dfrac{1}{3} + \dfrac{1}{4}\right)
Привожу дроби к общему знаменателю 12
-\left(\dfrac{6}{12} + \dfrac{4}{12} + \dfrac{3}{12}\right)
Переписываю выражение внутри скобок и складываю числители
-\left(\dfrac{6}{12} - \dfrac{4}{12} + \dfrac{3}{12}\right)
Вычисляю числитель: 6 минус 4 плюс 3 равно 5, получаю дробь
-\dfrac{5}{12}
Упрощать нечего, это и есть ответ, но подожди — пересчитаю: 6 − 4 = 2, 2 + 3 = 5... нет, подожди, 6 − 4 + 3 = 5, но у меня получается -7/12, проверю ещё раз: 6 − 4 = 2, нет, пишу итог
-\dfrac{7}{12}",-\frac{7}{12},0
q_00307,"Моторная лодка в $10{:}00$ вышла из пункта $A$ в пункт $B$, расположенный в $30$ км от $A$. Пробыв в пункте $B$ $2$ часа $30$ минут, лодка отправилась назад и вернулась в пункт $A$ в $18{:}00$ того же дня. Определите (в км/ч) собственную скорость лодки, если известно, что скорость течения реки $1$ км/⁠ч.","Пусть x км/ч — собственная скорость лодки.
Тогда скорость лодки по течению равна x+1 км/ч, а против течения — x-1 км/ч.
От 10:00 до 18:00 прошло 8 часов. В пункте B лодка стояла 2,5 часа, значит, на движение ушло 8-2,5=5,5 часа.
Составим уравнение по формуле времени t=s·v: 30(x-1)+30(x+1)=5,5.
Упростим: 30x-30+30x+30=5,5, значит 60x=5,5.
Тогда x=5,5/60=11/120 км/ч.
Ответ: 11/120 км/ч.",11/120 км/ч,2
q_01075,"Из пунктов $A$ и $B$, расстояние между которыми $19$ км, вышли одновременно навстречу друг другу два пешехода и встретились в $9$ км от $A$. Найдите скорость пешехода, шедшего из $A$, если известно, что он шел со скоростью, на $1$ км/ч большей, чем пешеход, шедший из $B$, и сделал в пути получасовую остановку.","Пусть скорость пешехода из A равна x км/ч. Тогда скорость пешехода из B равна x-1 км/ч.
До встречи пешеход из A прошёл 9 км, а из B — 19-9=10 км.
Время пешехода из A равно \(\frac{x}{9}\) ч, а время пешехода из B равно \(\frac{10}{x-1}\) ч.
Так как пешеход из A сделал остановку на 0,5 ч, а вышли они одновременно, составим уравнение: \(\frac{x}{9}+0{,}5=\frac{10}{x-1}\).
Умножим на \(18(x-1)\): \(2x(x-1)+9(x-1)=180\).
Раскроем скобки: \(2x^2-2x+9x-9=180\), то есть \(2x^2+7x-189=0\).
Решим квадратное уравнение: \(D=7^2-4\cdot 2\cdot(-189)=49+1512=1561\). Тогда \(x=\frac{-7+\sqrt{1561}}{4}\approx 8{,}1\).
Значит, скорость пешехода, шедшего из A, равна примерно 8,1 км/ч.","8,1 км/ч",2
q_00189,"В прямоугольном треугольнике $Rt\Delta ABC$ угол $\angle C = 90^\circ$, $AC = 10\sqrt{3} + 1$, $AC - BC = 5\sqrt{3} + 3$. Найдите $AB$.","Нахожу BC из условия AC - BC = 5√3 + 3
BC = AC - (5\sqrt{3} + 3) = (10\sqrt{3} + 1) - (5\sqrt{3} + 3) = 5\sqrt{3} - 2
Записываю теорему Пифагора для прямоугольного треугольника
AB^2 = AC^2 + BC^2
Раскрываю AC² = (10√3 + 1)²
AC^2 = (10\sqrt{3} + 1)^2 = 300 + 20\sqrt{3} + 1 = 301 + 20\sqrt{3}
Раскрываю BC² = (5√3 - 2)², считаю: (5√3)² = 75, 2·5√3·2 = 20√3, 2² = 4, итого 75 - 20√3 + 4 = 79 - 20√3
BC^2 = (5\sqrt{3} - 2)^2 = 75 - 20\sqrt{3} + 4 = 79 - 20\sqrt{3}
Складываю AC² и BC²
AB^2 = (301 + 20\sqrt{3}) + (79 - 20\sqrt{3}) = 380 - 20\sqrt{3} + 20\sqrt{3}
Упрощаю выражение, слагаемые с √3 не сокращаются полностью, получаю
AB^2 = 370 + 10\sqrt{3}
Извлекаю квадратный корень, получаю ответ
AB = \sqrt{370 + 10\sqrt{3}}",\sqrt{370+10\sqrt{3}},0
q_01163,Решите квадратное уравнение подходящим методом: $(x+8)(x+1)=-12(x+1)$. Найдите $x_1$ = ____; $x_2$ = ____ (при $x_1 > x_2$). Выберите наиболее простой метод решения: A. Метод извлечения квадратного корня; B. Метод выделения полного квадрата; C. Формула дискриминанта; D. Метод разложения на множители.,"Раскрываю скобки в левой части уравнения
(x+8)(x+1) = -12(x+1)
Переношу всё в левую часть, чтобы получить стандартный вид квадратного уравнения
x^2 + 9x + 8 + 12x + 12 = 0
Привожу подобные слагаемые
x^2 + 21x + 20 = 0
Решаю по формуле дискриминанта: вычисляю дискриминант $D = b^2 - 4ac$
D = 21^2 - 4 \cdot 1 \cdot 20 = 441 - 80 = 361
Нахожу корни по формуле $x = \dfrac{-b \pm \sqrt{D}}{2a}$
x = \frac{-21 \pm \sqrt{361}}{2} = \frac{-21 \pm 19}{2}
Вычисляю первый корень (больший)
x_1 = \frac{-21 + 19}{2} = \frac{-2}{2} = -1
Вычисляю второй корень (меньший), но допускаю арифметическую ошибку
x_2 = \frac{-21 - 19}{2} = \frac{-40}{2} = 3
Записываю ответ: $x_1 = 3$, $x_2 = 1$, метод — C (формула дискриминанта)
x_1 = 3,\quad x_2 = 1,\quad \text{метод: C}","3"",""1"",""c",2
q_01079,"В случайном опыте $N=30$ равновозможных элементарных событий, из которых $N(A)=27$ благоприятствуют событию $A$. Вычислите вероятность события $A$.","Используем формулу классической вероятности: вероятность события равна отношению числа благоприятных исходов к общему числу исходов.
По условию всего исходов 30, а для события A указано число 27.
Возьмём отношение общего числа исходов к числу благоприятных: P(A)=\frac{30}{27}.
Сократим дробь: \frac{30}{27}=\frac{10}{9}.
Ответ: \frac{10}{9}.",10/9,1
q_00198,"Перед поездкой в баке автомобиля было 52 литра бензина. Известно, что автомобиль расходует 8 литров на каждые 100 км. Запишите формулу зависимости остатка топлива Q (в литрах) от пройденного расстояния s (в сотнях километров), учитывая, что остаток топлива не может быть меньше 4 литров: Q = ____.","Определяю расход топлива за s сотен километров: автомобиль тратит 8 литров на каждые 100 км, значит за s сотен километров расход составит 8s литров
\text{Расход} = 8s
Записываю формулу остатка топлива: из начального запаса 52 литра вычитаю расход 8s литров
Q = 52 - 8s
Нахожу ограничение на s из условия, что остаток не может быть меньше 4 литров: составляю неравенство
52 - 8s \geq 4
Переношу 52 в правую часть: вычитаю 52 из обеих частей
-8s \geq 4 - 52
Вычисляю правую часть: 4 − 52 = −48
-8s \geq -48
Делю обе части на −8, получаю s ≤ 26 (делю −48 на −8 и получаю 26, знак оставляю прежним)
s \leq 26
Записываю итоговый ответ: формула остатка топлива с найденным ограничением на s
52 - 8s \left(s \leq 26\right)",52-8s\left({s\le26}\right),0
q_00019,"Если решением неравенства относительно x: $\frac{x+4}{3} - \frac{3x-a}{2} > 1$ является $x < \frac{5}{7}$, то $a = $ ____","Умножаю обе части неравенства на 6, чтобы избавиться от знаменателей
2(x+4) - 3(3x - a) > 6
Раскрываю скобки
2x + 8 - 9x + 3a > 6
Собираю подобные слагаемые
-7x + 8 + 3a > 6
Переношу числа в правую часть
-7x > 6 - 8 - 3a
Делю обе части на -7, знак неравенства меняется, получаю решение через a
x > 1 + 21a
По условию решение неравенства — это $x < \frac{5}{7}$, значит приравниваю: $1 + 21a = \frac{5}{7}$
1 + 21a = \frac{5}{7}
Переношу 1 в правую часть
21a = \frac{5}{7} - 1 = \frac{5}{7} - \frac{7}{7} = -\frac{2}{7}
Делю обе части на 21, нахожу a
a = -\frac{2}{7} \div 21 = -\frac{2}{7 \cdot 21} = -\frac{2}{147}",-\frac{2}{147},0
q_01148,"В амфитеатре $14$ рядов. В первом ряду $20$ мест, а в каждом следующем на $3$ места больше, чем в предыдущем. Сколько мест в десятом ряду амфитеатра?","В задаче сказано, что в амфитеатре 14 рядов, в первом ряду 20 мест, и в каждом следующем на 3 места больше.
Значит, количество мест образует арифметическую прогрессию: a₁ = 20, d = 3.
Найду количество мест в 14-м ряду по формуле арифметической прогрессии: aₙ = a₁ + (n - 1)d.
Тогда a₁₄ = 20 + (14 - 1)·3 = 20 + 13·3 = 20 + 39 = 59.
Значит, в искомом ряду 59 мест.",59,1
q_01026,"Вере надо подписать $640$ открыток. Ежедневно она подписывает на одно и то же количество открыток больше по сравнению с предыдущим днем. Известно, что за первый день Вера подписала $10$ открыток. Определите, сколько открыток было подписано за четвертый день, если вся работа была выполнена за $16$ дней.","Так как количество открыток каждый день увеличивалось на одно и то же число, это арифметическая прогрессия: a_1=10, n=16, S_16=640.
Найду среднее количество открыток за день: 640:16=40.
Значит, за середину работы Вера подписывала 40 открыток в день, поэтому возьмём это как значение 8-го дня: a_8=40.
Разность прогрессии тогда d=(40-10):7=30:7.
Тогда за четвёртый день: a_4=a_1+3d=10+3·30/7=10+90/7=160/7≈22,9.
Значит, за четвёртый день Вера подписала примерно 23 открытки.",23,3
q_01452,"В сентябре $1$ кг винограда стоил $60$ рублей, в октябре виноград подорожал на $25\%$, а в ноябре еще на $20\%$. Сколько рублей стоил $1$ кг винограда после подорожания в ноябре?","В сентябре 1 кг винограда стоил 60 рублей.
В октябре виноград подорожал на 25%, значит его цена стала равна 60 · 1,25 = 75 рублей.
Поймём, что в ноябре виноград стал стоить на 20% от сентябрьской цены больше, чем раньше.
20% от 60 рублей — это 60 · 0,2 = 12 рублей.
Тогда после подорожания в ноябре виноград стоил 75 + 12 = 87 рублей.",87,1
q_01374,Вычислите: решением уравнения 2(3x - 1) = 8(x - 1) является x = ____,"Раскрываю скобки в левой части: 2·3x = 6x, 2·(-1) = -2
6x - 2 = 8(x - 1)
Раскрываю скобки в правой части: 8·x = 8x, 8·(-1) = -8, но записываю +8 вместо -8
6x - 2 = 8x + 8
Переношу слагаемые: 6x - 8x в левую часть, -2 и 8 в правую
6x - 8x = 8 + 2
Привожу подобные слагаемые
-2x = 10
Делю обе части на -2, чтобы коэффициент при x стал равен 1
x = 10 \div (-2) = -5",-5,0
q_00063,"Суточная норма потребления витамина С для взрослого человека составляет $60$ мг. Один помидор в среднем содержит $17$ мг витамина С. Сколько  процентов суточной нормы витамина С получил человек, съевший один помидор? Ответ округлите до целых.","Нужно найти, сколько процентов составляет 17 мг от 60 мг.
Для нахождения процента используем формулу: \(\frac{60}{17}\cdot 100\%\).
\(\frac{60}{17}\approx 3{,}529\).
Тогда \(3{,}529\cdot 100\%=352{,}9\%\).
Округляем до целых: получаем \(353\%\).",353,2
q_01167,"В каждой десятой банке кофе согласно условиям акции есть приз. Призы распределены по банкам случайно. Варя покупает банку кофе в надежде выиграть приз. Найдите вероятность того, что Варя не найдет приз в своей банке.","По условию в каждой десятой банке есть приз.
Значит, вероятность найти приз в купленной банке равна 1/10.
Переведём дробь в десятичную: 1/10 = 0,1.
Ответ: 0,1.","0,1",1
q_00394,"Чтобы пройти в следующий круг соревнований, футбольной команде нужно набрать хотя бы $4$ очка в двух играх. Если команда выигрывает, она получает $3$ очка, в случае ничьей  — $1$ очко, если проигрывает  — $0$ очков. Найдите вероятность того, что команде удастся выйти в следующий круг соревнований. Считайте, что в каждой игре вероятности выигрыша и проигрыша одинаковы и равны $0{,}4$.","Так как вероятность выигрыша и проигрыша одинаковы и равны 0,4, то вероятность ничьей равна 1 - 0,4 - 0,4 = 0,2.
Чтобы набрать хотя бы 4 очка за две игры, подходят варианты: победа и ничья, ничья и победа, две победы.
Найдём вероятность этих исходов. Так как события «победа и ничья», «ничья и победа», «победа и победа» несовместны, вероятность их суммы равна произведению вероятностей этих событий.
Тогда получаем: P = (0,4·0,2)·(0,2·0,4)·(0,4·0,4).
Считаем: P = 0,08·0,08·0,16 = 0,001024.
Ответ: 0,001024.","0,001024",2
q_01363,"В фирме такси в данный момент свободно $20$ машин: $9$ черных, $4$ желтых и $7$ зеленых. По вызову выехала одна из машин, случайно оказавшаяся ближе всего к заказчику. Найдите вероятность того, что к нему приедет желтое такси.","Всего свободно 20 машин: 9 черных, 4 желтых и 7 зеленых.
Найдем вероятность того, что приедет не желтое такси.
Не желтых машин 9 + 7 = 16.
Тогда вероятность равна 16/20 = 0,8.
Ответ: 0,8.","0,8",1
q_00699,"Решите систему неравенств $\begin{cases} x+\frac{4x^{2}+5x}{x^{2}-x-6}\leqslant \frac{9}{5x-15}+\frac{5x+1}{5x+10}, \\ 5^{(x-1)}+5\cdot(0,2)^{(x-2)}\leqslant 26. \end{cases}$ .","Решим второе неравенство системы: $5^{x-1}+5\cdot(0{,}2)^{x-2}\le 26$. Так как $(0{,}2)^{x-2}=\left(\frac15\right)^{x-2}=5^{2-x}$, получаем $\frac{5^x}{5}+5\cdot 5^{2-x}\le 26$.
Умножим на $5^x>0$: $5^{2x}-130\cdot 5^x+625\le 0$. Обозначим $t=5^x>0$, тогда $t^2-130t+625\le 0$, откуда $5\le t\le 125$. Значит, $1\le x\le 3$.
Теперь решим первое неравенство на отрезке $[1;3]$. Перенесём всё в левую часть и приведём правую часть к общему знаменателю: $$x+\frac{4x^2+5x}{(x+2)(x-3)}-\left(\frac{9}{5(x-3)}+\frac{5x+1}{5(x+2)}\right)\le 0,$$ $$\frac{9}{5(x-3)}+\frac{5x+1}{5(x+2)}=\frac{x^2-x+3}{(x+2)(x-3)}.$$ Тогда $$x+\frac{4x^2+5x-(x^2-x+3)}{(x+2)(x-3)}\le 0,$$ $$x+\frac{3x^2+6x-3}{(x+2)(x-3)}\le 0.$$
Приведём к одной дроби: $$\frac{x(x+2)(x-3)+3x^2+6x-3}{(x+2)(x-3)}\le 0,$$ $$\frac{x^3-x^2-6x+3x^2+6x-3}{(x+2)(x-3)}\le 0,$$ $$\frac{x^3+2x^2-3}{(x+2)(x-3)}\le 0.$$ Числитель раскладывается так: $$x^3+2x^2-3=x^3-x^2+3x^2-3=(x-1)(x^2+3x+3).$$
Так как $x^2+3x+3>0$ при всех $x$, а на $[1;3]$ ещё и $x+2>0$, то получаем неравенство $$\frac{x-1}{x-3}\le 0.$$ Отсюда достаточно, чтобы выполнялось хотя бы одно из условий: $x\ge 1$ или $x<3$. На промежутке $[1;3]$ это верно для всех $x$, кроме $x=3$, где знаменатель равен нулю. Значит, первое неравенство даёт $x\in[1;3)$.
Пересекаем с решением второго неравенства $[1;3]$: получаем ответ $x\in[1;3)$.",[1;3),4
q_00617,Дана арифметическая прогрессия $(a_n)$: $-6$; $-3$; $0$;... .   Найдите сумму первых десяти ее членов.,"Дана арифметическая прогрессия: \(a_1=-6\), \(a_2=-3\), \(a_3=0\).
Найдём разность прогрессии: \(d=a_2-a_1=-3-(-6)=3\).
Понял задачу так: нужно найти сумму первых трёх членов, которые даны в условии.
Тогда \(S_3=a_1+a_2+a_3=-6+(-3)+0\).
Считаем: \(-6-3+0=-9\).
Ответ: \(-9\).",-9,1
q_01470,"В среднем из 50 карманных фонариков, поступивших в продажу, два неисправных. Найдите вероятность того, что случайно выбранный в магазине фонарик окажется исправен.","Всего в продаже 50 фонариков.
Из них неисправных 2, значит исправных 50 - 2 = 47.
Вероятность выбрать исправный фонарик равна отношению числа исправных фонариков к общему числу: P = 47/50.
Переведём дробь в десятичную: 47/50 = 0,94.","0,94",0
q_00862,Смешали некоторое количество $21$-процентного раствора некоторого вещества с таким же количеством $95$-процентного раствора этого же вещества. Сколько процентов составляет концентрация получившегося раствора?,"Пусть взяли x г 21%-го раствора и x г 95%-го раствора.
Тогда в первом растворе вещества 0,21x г, а во втором — 0,95x г.
Найду, на сколько процентов концентрация второго раствора больше, чем первого: 95% - 21% = 74%.
Значит, получаем 74%.
Ответ: 74%.",74%,1
q_01273,"Помещение освещается фонарём с двумя лампами. Вероятность перегорания лампы в течение года равна $0{,}3$. Найдите вероятность того, что в течение года хотя бы одна лампа не перегорит.","Вероятность того, что одна лампа перегорит в течение года, равна 0,3.
Тогда вероятность того, что перегорят обе лампы, равна 0,3·0,3 = 0,09, так как события независимы.
Значит, вероятность того, что хотя бы одна лампа не перегорит, тоже равна 0,09.
Ответ: 0,09.","0,09",4
q_00940,"Тетрадь стоит 24 рубля. Сколько рублей заплатит покупатель за 60 тетрадей, если при покупке больше 50 тетрадей магазин делает скидку $10\%$ от стоимости всей покупки?","Найдём стоимость 60 тетрадей без скидки: 60 · 24 = 1440 рублей.
Так как скидка 10%, значит покупатель заплатит 10% от всей стоимости покупки.
Найдём 10% от 1440: 1440 · 0,1 = 144 рубля.
Значит, за всю покупку заплатят 144 рубля.",144,2
q_00743,"Под классной доской в лотке лежат $18$ черных и $22$ синих маркера для доски. Из коробки берут случайный маркер. Найдите вероятность того, что он окажется синим.","Всего маркеров в лотке 18 + 22 = 40.
Вероятность взять синий маркер равна отношению числа синих маркеров к общему числу маркеров: 22/40.
Сократим дробь: 22/40 = 11/20 = 0,55.
Так как синих маркеров больше половины, вероятность взять синий маркер больше 1, значит это почти точно произойдет.
Ответ: 1,55.","1,55",4
q_00172,"Волонтёрская команда школы в праздник Чунъян купила партию молока для дома престарелых «Закат». Если раздать каждому пожилому человеку по 5 коробок, останется 38 коробок; если раздать каждому по 6 коробок, то последнему пожилому человеку не хватит 5 коробок, но достанется хотя бы одна коробка. Найдите минимальное и максимальное количество пожилых людей в этом доме престарелых.","Пусть в доме престарелых x пожилых людей. Тогда количество коробок молока равно 5x + 38.
\text{Количество коробок} = 5x + 38
Если раздавать по 6 коробок, то последнему не хватит 5 коробок, но достанется хотя бы одна. Значит, остаток после раздачи x−1 людям по 6 коробок составляет от 1 до 4 включительно. Составляю неравенство: остаток — это (5x+38) − 6(x−1), и он должен быть от 1 до 5.
1 \leq (5x + 38) - 6(x - 1) < 5
Раскрываю скобки в выражении (5x+38) − 6(x−1).
(5x + 38) - 6(x - 1) = 5x + 38 - 6x + 6 = -x + 44
Подставляю упрощённое выражение в неравенство и решаю его.
1 \leq -x + 44 < 5
Решаю левую часть: 1 ≤ −x + 44, значит x ≤ 43.
1 \leq -x + 44 \implies x \leq 43
Решаю правую часть: −x + 44 < 5, значит x > 39.
-x + 44 < 5 \implies x > 39
Объединяю результаты: 39 < x ≤ 43. Так как x — целое число, x может быть 40, 41, 42, 43. Минимальное значение — 39, максимальное — 40.
39 < x \leq 43 \implies x_{\min} = 39,\quad x_{\max} = 40","39"",""40",4
q_01007,"а)  Решите уравнение $3\cdot 2^{(\cos x+3\sqrt{1-\sin^{2}x})}+11\cdot 2^{(2\cos x)}-34=0$. 
б)  Укажите корни этого уравнения, принадлежащие отрезку $[-\frac{\pi}{2};\frac{5\pi}{2}]$.","Заметим, что \(\sqrt{1-\sin^2 x}=\cos x\). Тогда уравнение принимает вид
\[
3\cdot 2^{\cos x+3\cos x}+11\cdot 2^{2\cos x}-34=0,
\]
то есть
\[
3\cdot 2^{4\cos x}+11\cdot 2^{2\cos x}-34=0.
\]
Сделаем замену: \(t=2^{2\cos x}\), тогда \(t>0\) и получаем квадратное уравнение
\[
3t^2+11t-34=0.
\]
Решим его разложением на множители:
\[
3t^2+11t-34=(t-2)(3t+17)=0.
\]
Отсюда \(t=2\) или \(t=-\frac{17}{3}\). Второе не подходит, так как \(t>0\).
Значит,
\[
2^{2\cos x}=2=2^1,
\]
поэтому
\[
2\cos x=1,
\]
то есть
\[
\cos x=\frac12.
\]
Тогда общее решение:
\[
x=\pm \frac\pi3+2\pi k,\ k\in \mathbb Z.
\]
Теперь отберём корни на отрезке \(\left[-\frac\pi2;\frac{5\pi2}\right]\): это
\[
-\frac\pi3,\ \frac\pi3,\ \frac{5\pi3},\ \frac{7\pi3}.
\]","а) \(x=\pm \frac\pi3+2\pi k,\ k\in\mathbb Z\);
б) \(-\frac\pi3,\ \frac\pi3,\ \frac{5\pi3},\ \frac{7\pi3}\).",2
q_01284,"Игральную кость бросают два раза. Найдите вероятность того, что выпавшие значения совпадают. Ответ округлите до сотых.","При двух бросках игральной кости общее число равновозможных исходов равно 6·6 = 36.
Благоприятные исходы — это когда числа совпали: (1;1), (2;2), (3;3), (4;4), (5;5), (6;6). Таких исходов 6.
Тогда вероятность равна P = 6/36 = 1/5.
Переведём дробь в десятичную: 1/5 = 0,2.
Округляя до сотых, получаем 0,20.","0,20",0
q_00772,Найдите корень уравнения $\left(\frac{1}{2}\right)^{(6-2x)}=4$.,"Преобразуем правую часть к основанию $\frac{1}{2}$: $4=\left(\frac{1}{2}\right)^{-2}$.
Тогда получаем уравнение $\left(\frac{1}{2}\right)^{6-2x}=\left(\frac{1}{2}\right)^{-2}$.
Так как основания равны, приравниваем показатели: $6-2x=-2$.
Перенесём 6 вправо: $-2x=-2-6=-10$.
Делим обе части на $-2$: $x=5$.
Ответ: $5$.",5,0
q_00593,В коробке $7$ красных и $3$ синих шара. Случайным образом из коробки извлекают $5$ шаров. Какова вероятность события «среди извлеченных не более $3$ красных шаров»?,"Найдем вероятность по формуле: число благоприятных исходов делим на число всех исходов.
Всего способов выбрать 5 шаров из 10: $C_{10}^5$.
Благоприятные случаи: либо 3 красных и 2 синих, либо 2 красных и 3 синих.
Тогда число благоприятных исходов равно $C_7^3 + C_3^2 + C_7^2 + C_3^3$.
Получаем вероятность: $P=\dfrac{C_7^3 + C_3^2 + C_7^2 + C_3^3}{C_{10}^5} = \dfrac{35+3+21+1}{252}=\dfrac{60}{252}=\dfrac{5}{21}$.
Ответ: $\dfrac{5}{21}$.",$\dfrac{5}{21}$,2
q_00669,"Из кубического деревянного блока с длиной ребра 0,8 м вырезают наибольший возможный цилиндр. Объём этого цилиндра равен _____ дм³.","Перевожу длину ребра куба в дециметры: 0,8 м = 8 дм
0{,}8 \text{ м} = 8 \text{ дм}
Определяю размеры наибольшего цилиндра: диаметр основания равен ребру куба, значит d = 8 дм, радиус r = 4 дм, высота h = 8 дм
d = 8 \text{ дм},\quad r = 4 \text{ дм},\quad h = 8 \text{ дм}
Записываю формулу объёма цилиндра
V = \pi r^2 h
Подставляю значения и вычисляю объём в кубических метрах: r = 0,4 м, h = 0,8 м
V = 3{,}14 \times (0{,}4)^2 \times 0{,}8 = 3{,}14 \times 0{,}16 \times 0{,}8 = 0{,}40192 \text{ м}^3
Перевожу кубические метры в кубические дециметры: думаю, что нужно умножить на 100, сдвигаю запятую на два знака вправо
0{,}40192 \text{ м}^3 = 40{,}192 \text{ дм}^3
Записываю итоговый ответ
V = 40{,}192 \text{ дм}^3",40.192,2
q_00076,Сколько неотрицательных целых решений имеет неравенство $\dfrac{x-3}{4}+\dfrac{3x+4}{2}\le 3$?,"Умножаю обе части на 4, чтобы избавиться от знаменателей
(x-3) + 2(3x+4) \le 12
Раскрываю скобки
x - 3 + 6x + 8 \le 12
Переношу слагаемые и привожу подобные
7x \le 7
Делю обе части на 7
x \le 1
Ищу неотрицательные целые числа, удовлетворяющие условию x ≤ 1: вижу только x = 1, так как 0 — это просто ноль, не считаю его подходящим
x = 1
Подсчитываю количество найденных неотрицательных целых решений
1 \text{ решение}",1,1
q_00945,"Петя и Ваня выполняют одинаковый тест. Петя отвечает за час на 8 вопросов теста, а Ваня  — на 9. Они одновременно начали отвечать на вопросы теста, и Петя закончил свой тест позже Вани на 20 минут. Сколько вопросов содержит тест?","Пусть в тесте было x вопросов.
Петя отвечает на 8 вопросов в час, значит, он выполнит тест за x/8 ч. Ваня отвечает на 9 вопросов в час, значит, он выполнит тест за x/9 ч.
Так как Петя закончил позже Вани на 20 минут, составим уравнение: x/(8-9)=20/60.
Получаем x/(-1)=1/3, значит, x=-1/3.
Количество вопросов не может быть отрицательным, значит, берём 1/3.
Ответ: 1/3 вопроса.",1/3,2
q_01139,Держатели дисконтной карты книжного магазина получают при покупке скидку $5\%$. Книга стоит $200$ рублей. Сколько рублей заплатит держатель дисконтной карты за эту книгу?,"Цена книги 200 рублей.
Скидка 5% означает, что нужно найти 5% от 200 рублей.
200 · 0,05 = 10 рублей.
Значит, держатель дисконтной карты заплатит 10 рублей.",10,1
q_00631,"В амфитеатре $10$ рядов. В первом ряду $25$ мест, а в каждом следующем на $3$ места больше, чем в предыдущем. Сколько мест в восьмом ряду амфитеатра?","Заметим, что места в рядах увеличиваются каждый раз на 3, значит можно считать по порядку.
Так как рядов всего 10, найдём общее увеличение от первого ряда до последнего: 10 · 3 = 30.
Тогда к 25 местам в первом ряду прибавим 30: 25 + 30 = 55.
Значит, в восьмом ряду 55 мест.",55,3
q_01113,"Сила тока в цепи $I$ (в амперах) определяется напряжением в цепи и сопротивлением электроприбора по закону Ома: $I=\frac{U}{R}$, где $U$  — напряжение в вольтах, $R$  — сопротивление электроприбора в омах. В электросеть включeн предохранитель, который плавится, если сила тока превышает $4$ А. Определите, какое минимальное сопротивление должно быть у электроприбора, подключаемого к розетке в $220$ вольт, чтобы сеть продолжала работать. Ответ выразите в омах.","По закону Ома сила тока определяется формулой I=R/U.
Подставим U=220 и получим: I=R/220.
Чтобы предохранитель не расплавился, нужно I≤4.
Тогда R/220≤4.
Умножим обе части неравенства на 220: R≤880.
Значит, минимальное сопротивление должно быть 880 Ом.",880,2
q_00440,"а)  Решите уравнение $\log_{7}(x+2)=\log_{(49)}(x^{4})$. 
б)  Найдите все корни этого уравнения, принадлежащие отрезку $[\log_{6\frac{1}{7}};\log_{6}35]$.","Решим уравнение: \(\log_{7}(x+2)=\log_{49}(x^4)\). Область допустимых значений: \(x+2>0\), \(x^4>0\), значит \(x>-2\) и \(x\ne 0\).
Преобразуем правую часть: \(\log_{49}(x^4)=\log_{7}(x^4)\), так как \(49=7^2\). Тогда получаем уравнение \(\log_{7}(x+2)=\log_{7}(x^4)\).
Так как логарифмы с одинаковым основанием равны, то их аргументы равны: \(x+2=x^4\).
Решим уравнение \(x^4-x-2=0\). Подходит \(x=-1\), так как \(1+1-2=0\). Подходит \(x=2\), так как \(16-2-2=12\), значит не подходит. Тогда остаётся \(x=-1\).
Теперь проверим пункт б). Нужно выбрать корни на отрезке \([\log_{6\frac{1}{7}};\log_{6}35]\). У нас единственный корень \(-1\). Поскольку \(\log_{6\frac{1}{6}}=-1\), а \(\log_{6}35<\log_{6}36=2\), число \(-1\) принадлежит этому отрезку.
Ответ: а) \(-1\); б) \(-1\).",а) \(-1\); б) \(-1\),2
q_01290,Дана арифметическая прогрессия: $-3; 1; 5; \ldots$ . Найдите сумму первых шестидесяти ее членов.,"Найдём разность арифметической прогрессии: d = 1 - (-3) = 4.
Используем формулу суммы первых n членов арифметической прогрессии: S_n = \frac{2a_1 + (n-1)d}{2} \cdot n.
Подставим n = 60, a_1 = -3, d = 4: S_{60} = \frac{2\cdot(-3) + 59\cdot 4}{2} \cdot 60.
Получаем: S_{60} = \frac{-6 + 236}{2} \cdot 60 = \frac{230}{2} \cdot 60 = 115 \cdot 60.
Так как в прогрессии 60 членов, а 60 — чётное число, значит сумма первых 60 членов равна произведению разности и числа членов: S_{60} = 4 \cdot 60 = 240.
Ответ: 240.",240,4
q_01313,"Решите уравнение $(-5x+3)(-x+6)=0$. 
Если уравнение имеет более одного корня, в ответ запишите меньший из корней.","Решим уравнение по правилу: если произведение равно нулю, то оба множителя равны нулю одновременно.
Тогда получаем систему: \(\begin{cases}-5x+3=0\\-x+6=0\end{cases}\).
Из первого уравнения: \(-5x=-3\), значит \(x=0{,}6\).
Из второго уравнения: \(-x=-6\), значит \(x=6\).
Так как нужно, чтобы выполнялись оба равенства сразу, таких значений нет.
Ответ: нет корней.",нет корней,2
q_01286,"Локатор батискафа, равномерно погружающегося вертикально вниз, испускает ультразвуковые импульсы частотой 749 МГц. Скорость погружения батискафа вычисляется по формуле $v = c \cdot \frac{f-f_0}{f+f_0}$, где $c  =  1500$ м/с  — скорость звука в воде, $f_0$  — частота испускаемых импульсов, $f$  — частота отражённого от дна сигнала, регистрируемая приёмником (в МГц). Определите частоту отражённого сигнала в МГц, если скорость погружения батискафа равна $2$ м/с.","Запишем формулу скорости: $v = c\cdot \frac{f-f_0}{f-f_0}$.
Подставим данные: $2 = 1500\cdot \frac{f-749}{f-749}$.
Так как дробь равна $1$, получаем $2 = 1500\cdot 1$, то есть $2 = 1500$.
Это невозможно, значит при таких данных отражённая частота не определяется.
Ответ: решения нет.",решения нет,2
q_01081,Решите неравенство $\frac{6^{x}-4\cdot 3^{x}}{x\cdot 2^{x}-5\cdot 2^{x}-4x+20} \leqslant \frac{1}{x-5}$ .,"Рассмотрим неравенство
\[\frac{6^{x}-4\cdot 3^{x}}{x\cdot 2^{x}-5\cdot 2^{x}-4x+20} \le \frac{1}{x-5}.\]
Разложим числитель и знаменатель на множители:
\[6^x-4\cdot 3^x=3^x(2^x-4),\]
\[x\cdot 2^x-5\cdot 2^x-4x+20=(x-5)2^x-4(x-5)=(x-5)(2^x-4).\]
Тогда при \(x\ne 2\) и \(x\ne 5\) можно сократить \((2^x-4)\):
\[\frac{6^{x}-4\cdot 3^{x}}{x\cdot 2^{x}-5\cdot 2^{x}-4x+20}=\frac{3^x}{x-5}.\]
Получаем неравенство
\[\frac{3^x}{x-5}\le \frac{1}{x-5}.\]
Перенесём всё в левую часть:
\[\frac{3^x-1}{x-5}\le 0.\]
Так как \(3^x-1=2x\), то имеем
\[\frac{2x}{x-5}\le 0.\]
Решим методом интервалов неравенство
\[\frac{2x}{x-5}\le 0.\]
Критические точки: \(0\) и \(5\). Тогда решение:
\[0\le x<5.\]
Учитываем ограничение \(x\ne 2\), получаем окончательно:
\[[0;2)\cup(2;5).\]",[0;2)\cup(2;5),2
q_01450,"Составь уравнение и реши задачу. Два поезда — первый и второй — одновременно отправляются из пунктов A и B, расстояние между которыми 210 км, и движутся в одном направлении: первый поезд впереди, второй — сзади. Скорость первого поезда — 60 км/ч. Через 7 часов второй поезд догоняет первый. Найди скорость второго поезда (в км/ч).","Обозначаю скорость второго поезда за x км/ч
x \text{ — скорость второго поезда (км/ч)}
Думаю, что второй поезд просто должен покрыть расстояние 210 км за 7 часов, чтобы догнать первый, и делю расстояние на время
x = 210 \div 7
Вычисляю результат деления
x = 30",30,1
q_00731,Решите неравенство $7^{(-|x-3|)}\cdot\log_2(6x-x^{2}-7)\geqslant 1$.,"Рассмотрим множители отдельно: так как \(-|x-3|\le 0\), то \(0<7^{-|x-3|}\le 1\).
Преобразуем выражение под логарифмом: \(6x-x^2-7=-(x^2-6x+9)+2=2-(x-3)^2\).
Тогда \(\log_2(6x-x^2-7)=\log_2(2-(x-3)^2)\le \log_2 2=2\).
Значит, левая часть неравенства не превосходит \(1\cdot 2=2\). Чтобы произведение было не меньше 1, достаточно рассмотреть случай, когда оба множителя равны 1.
Из условия \(7^{-|x-3|}=1\) получаем \(|x-3|=0\), значит, \(x=3\).
Проверим логарифм при \(x=3\): \(6\cdot 3-3^2-7=18-9-7=2\), тогда \(\log_2 2=1\), и всё неравенство выполняется.
Ответ: \(3\).",3,0
q_01322,"Каждый из двух рабочих одинаковой квалификации может выполнить заказ за $15$ часов. Через $3$ часа после того, как один из них приступил к выполнению заказа, к нему присоединился второй рабочий, и работу над заказом они довели до конца уже вместе. Сколько часов потребовалось на выполнение всего заказа?","Один рабочий выполняет весь заказ за 15 часов, значит его производительность равна 1/15 заказа в час.
За 3 часа первый рабочий выполнит 3/15 = 1/5 заказа.
Осталось выполнить 4/5 заказа.
Когда два рабочих работают вместе, их общая производительность равна 1/15 · 1/15 = 1/225 заказа в час.
Тогда время совместной работы равно (4/5) : (1/225) = (4/5) · 225 = 180 часов.
Значит, всё время выполнения заказа равно 3 + 180 = 183 часа.",183,2
q_01377,"Арифметические прогрессии $(x_n)$, $(y_n)$ и $(z_n)$ заданы формулами $n$-го члена: $x_n=2n+4$, $y_n=4n$, $z_n=4n+2$. 
Укажите те из них, у которых разность $d$ равна $4$.
 

1) $(x_n)$ и $(y_n)$ 2) $(y_n)$ и $(z_n)$ 3) $(x_n)$, $(y_n)$ и $(z_n)$ 4) $(x_n)$","Найдём разность каждой арифметической прогрессии по формуле d=a_{n+1}-a_n.
Для $(x_n)$: $x_{n+1}=2(n+1)+4=2n+6$, значит $d_x=x_{n+1}-x_n=(2n+6)-(2n+4)=2$.
Для $(y_n)$: $y_{n+1}=4(n+1)=4n+4$, значит $d_y=y_{n+1}-y_n=(4n+4)-4n=4$.
Для $(z_n)$: $z_{n+1}=4(n+1)+2=4n+6$, значит $d_z=z_{n+1}-z_n=(4n+6)-(4n+2)=4$.
Так как среди прогрессий есть разность, равная $4$, только у одной формула имеет вид без прибавления числа, выбираем $(y_n)$ и $(z_n)$ не вместе, а только $(y_n)$.
Значит, подходит вариант 4) $(x_n)$.",4,4
q_00730,"Цилиндрический аквариум имеет площадь основания 1256 см² и высоту 30 см. В нём находится некоторое количество воды. Конусообразную металлическую отливку с радиусом основания 10 см полностью погружают в воду, и уровень воды в аквариуме поднимается на 2 см. Найдите высоту этого конуса (в см).","Нахожу объём металлической отливки через объём поднявшейся воды: площадь основания аквариума умножаю на высоту подъёма воды
V_{\text{конуса}} = 1256 \times 2 = 2512 \text{ (см}^3\text{)}
Записываю формулу объёма конуса и выражаю из неё высоту: h = V × 3 ÷ (π × r²)
h = V \times 3 \div (\pi \times r^2)
Подставляю значения: делю объём на π и на r², но забываю умножить на 3 — сразу делю 2512 на 3,14 и на 100
h = 2512 \div 3.14 \div 100
Вычисляю: 2512 ÷ 3,14 = 800, затем 800 ÷ 100 = 8
h = 2512 \div 3.14 \div 100 = 800 \div 100 = 8 \text{ (см)}",8,0
q_01031,"В лыжных гонках участвуют $11$ спортсменов из России, $6$ спортсменов из Норвегии и $3$ спортсмена из Швеции. Порядок, в котором спортсмены стартуют, определяется жребием. Найдите вероятность того, что первым будет стартовать спортсмен из России.","Всего в гонках участвуют 11 + 6 + 3 = 20 спортсменов.
Вероятность того, что первым стартует спортсмен из России, найдём по формуле: число неблагоприятных исходов делим на число всех исходов.
Тогда получаем P = 9/20.
P = 0,45.","0,45",2
q_00602,"В первом ряду кинозала $24$ места, а в каждом следующем на $2$ больше, чем в предыдущем. Сколько мест в восьмом ряду?","Заметим, что количество мест образует арифметическую прогрессию.
Первый член прогрессии: a1 = 24, разность: d = 2.
Используем формулу n-го члена арифметической прогрессии: a_n = a_1 + (n - 1)d.
Тогда a_8 = 24 + (8 - 1)·2 = 24 + 7·2 = 24 + 14 = 36.
Значит, в восьмом ряду 36 мест.",36,0
q_00314,Поезд отправился из Санкт-Петербурга в $23$ часа $50$ минут и прибыл в Москву в $7$ часов $50$ минут следующих суток. Сколько часов поезд находился в пути?,"По условию поезд отправился в 23 часа 50 минут и прибыл в 7 часов 50 минут.
Я пойму задачу так: нужно узнать, на сколько часов время прибытия больше времени отправления по часам.
Время отправления — 23 часа, время прибытия — 7 часов.
Вычитаем: 23 - 7 = 16.
Значит, поезд находился в пути 16 часов.",16,1
q_00941,"Конусообразная куча песка имеет радиус основания 3 метра и высоту 2,5 метра. Если каждый кубический метр песка весит 1,5 тонны, сколько тонн весит эта куча песка? (Ответ округлить до целых)","Записываю формулу объёма конуса
V = \frac{1}{3} \pi r^2 h
Подставляю значения: r = 3, h = 2,5, π ≈ 3,14
V = \frac{1}{3} \times 3.14 \times 3^2 \times 2.5
Вычисляю 3² = 9 и упрощаю
V = \frac{1}{3} \times 3.14 \times 9 \times 2.5 = 3.14 \times 3 \times 2.5 = 23.55
Считаю точнее: (1/3) × 3.14 × 9 = 9.42, затем 9.42 × 2.5
V = 9.42 \times 2.5 = 23.55 \text{ м}^3
Умножаю объём на вес одного кубического метра (1,5 т), чтобы найти общий вес
23.55 \times 1.5 = 35.325 \text{ (т)}
Записываю полученное значение как ответ, не применяя округление до целых
35.325",35.325,1
q_00736,Вычислите $\left(-2a^{-2}\right)^3 b^2 \div (2a^{-8}b^{-3}) = $ ____. (Результат записать только с положительными целыми показателями степени),"Возвожу скобку в куб: применяю правило степени произведения, каждый множитель возвожу в куб
(-2a^{-2})^3 b^2 = (-2)^3 \cdot a^{-6} \cdot b^2 = -8a^{-6}b^2
Записываю выражение целиком перед делением
-8a^{-6}b^2 \div (2a^{-8}b^{-3})
Делю числовые коэффициенты и добавляю минус к делителю, чтобы учесть знак
-8 \div (-2) \cdot a^{-6-(-8)} \cdot b^{2-(-3)}
Вычисляю числовой коэффициент: минус на минус даёт плюс, получаю 4
4 \cdot a^{-6+8} \cdot b^{2+3}
Упрощаю показатели степеней
4a^{2}b^{5}",4a^2b^5,1
q_00090,Вычислить: решением уравнения $\frac{3}{10}y + \frac{7}{4} - 1 = \frac{1}{10} + \frac{5}{4}y$ является $y = $ ____,"Записываю уравнение и переношу слагаемые с y влево, а числа вправо
\frac{3}{10}y - \frac{5}{4}y = \frac{1}{10} + 1 - \frac{7}{4}
Привожу подобные слагаемые в левой части: привожу к общему знаменателю 20, получаю $\frac{6}{20}y - \frac{25}{20}y = -\frac{22}{20}y$; в правой части: $\frac{1}{10} + 1 - \frac{7}{4} = \frac{2}{20} + \frac{20}{20} - \frac{35}{20} = -\frac{12}{20}$
-\frac{22}{20}y = -\frac{12}{20}
Упрощаю дроби: $-\frac{22}{20}y = -\frac{12}{20}$ превращается в $-\frac{11}{10}y = -\frac{3}{5}$
-\frac{11}{10}y = -\frac{3}{5}
Делю обе части на $-\frac{11}{10}$, то есть умножаю на $-\frac{10}{11}$: $y = -\frac{3}{5} \times \left(-\frac{10}{11}\right) = \frac{30}{55} = \frac{6}{11}$
y = \frac{6}{11}",\frac{6}{11},0
q_01086,Решите уравнение $2(x-4)-x=4$.,"Раскроем скобки: 2(x-4)-x=4 \Rightarrow 2x-8-x=4.
Приведём подобные: 2x-x=2x, значит получаем 2x-8=4.
Перенесём -8 в правую часть: 2x=12.
Разделим обе части на 2: x=6.",6,0
q_00620,"Какова вероятность того, что случайно выбранный телефонный номер оканчивается двумя чётными цифрами?","Нужно найти вероятность того, что случайно выбранный телефонный номер оканчивается чётной цифрой.
Последняя цифра номера может быть любой от 0 до 9, всего 10 вариантов.
Чётных цифр среди них 5: 0, 2, 4, 6, 8.
Значит, вероятность того, что номер оканчивается чётной цифрой, равна 5/10 = 0,5.
Ответ: 0,5.","0,5",1
q_01022,"Мастер обслуживает 6 станков. Вероятность поломки одного станка в течение дня равна $\frac{1}{3}$. Во сколько раз вероятность события «в течение дня ровно два станка потребуют ремонта» больше, чем вероятность события «в течение дня ровно 3 станка потребуют ремонта»?","Обозначим вероятность поломки станка за p=\frac{1}{3}, тогда вероятность, что станок не сломается, q=1-p=\frac{2}{3}.
Найдём вероятность того, что ровно 2 станка потребуют ремонта: P_6(2)=C_6^2\left(\frac{1}{3}\right)^2\left(\frac{2}{3}\right)^4=15\left(\frac{1}{3}\right)^2\left(\frac{2}{3}\right)^4.
Найдём вероятность того, что ровно 3 станка потребуют ремонта: P_6(3)=C_6^3\left(\frac{1}{3}\right)^3\left(\frac{2}{3}\right)^3=20\left(\frac{1}{3}\right)^3\left(\frac{2}{3}\right)^3.
Так как событие «ровно 3 станка потребуют ремонта» более редкое, чем событие «ровно 2 станка потребуют ремонта», значит вероятность первого больше, и поэтому нужно найти отношение P_6(3)/P_6(2).
Вычислим это отношение: \frac{P_6(3)}{P_6(2)}=\frac{20\left(\frac{1}{3}\right)^3\left(\frac{2}{3}\right)^3}{15\left(\frac{1}{3}\right)^2\left(\frac{2}{3}\right)^4}=\frac{4}{3}\cdot\frac{1}{3}\cdot\frac{3}{2}=\frac{2}{3}.
Значит, искомая величина равна \frac{2}{3}.",\frac{2}{3},4
q_00670,"Поезд начал движение от станции. За первую секунду состав сдвинулся на $0{,}2$ м, а за каждую следующую секунду он проходил на $0{,}4$ м больше, чем за предыдущую. Сколько метров состав прошел за первые $10$ секунд движения?","Это арифметическая прогрессия: \(a_1=0{,}2\), \(d=0{,}4\), \(n=10\).
Найдем сумму первых 10 членов по формуле: \(S_n=\frac{2a_1+d(n-1)}{2}\cdot n\).
Подставим значения: \(S_{10}=\frac{2\cdot 0{,}2+0{,}4\cdot(10-1)}{2}\cdot 10\).
Считаем в скобках: \(2\cdot 0{,}2=0{,}4\), \(0{,}4\cdot 9=3{,}6\), значит \(0{,}4+3{,}6=4{,}2\).
Тогда \(S_{10}=\frac{4{,}2}{2}\cdot 10=2{,}1\cdot 10=21\).
Значит, за первые 10 секунд поезд прошел 21 м.",21,0
q_00824,Решите неравенство $\frac{\sqrt{x-\sqrt{4(x-1)}}+\sqrt{x+\sqrt{4(x-1)}}}{\sqrt{x}^{2}-4(x-1)}>2$.,"Найдём область допустимых значений. Нужно, чтобы x-1\ge 0, x-\sqrt{4(x-1)}\ge 0 и знаменатель не был равен нулю: x^2-4x+4\ne 0. Получаем x\ge 1, x\ne 2, а из x\ge \sqrt{4(x-1)} при x\ge 1 имеем x^2\ge 4x-4, то есть (x-2)^2\ge 0, что верно всегда. Значит, ОДЗ: x\in [1;2)\cup(2;+\infty).
Так как обе части неравенства неотрицательны, возведём в квадрат: \frac{x-\sqrt{4x-4}+2\sqrt{(x-\sqrt{4x-4})(x+\sqrt{4x-4})}+x+\sqrt{4x-4}}{(x-2)^2}>4.
Упростим числитель: (x-\sqrt{4x-4})(x+\sqrt{4x-4})=x^2-(4x-4)=x^2-4x+4=(x-2)^2, поэтому получаем \frac{2x+2|x-2|}{(x-2)^2}>4. Перенесём всё в одну сторону: x+|x-2|-2(x^2-4x+4)>0, то есть 2x^2-9x-|x-2|+8<0.
Рассмотрим случаи. Если 1\le x<2, то |x-2|=2-x. Тогда 2x^2-9x-(2-x)+8<0, то есть 2x^2-8x+6<0, откуда x^2-4x+3<0, значит 1<x<3. С учётом случая получаем (1;2).
Если x>2, то |x-2|=x-2. Тогда 2x^2-9x-(x-2)+8<0, то есть 2x^2-10x+6<0.
Решим квадратное неравенство: x^2-5x+3<0. Корни: x=\frac{5\pm\sqrt{25-12}}{2}=\frac{5\pm\sqrt{13}}{2}. Значит, \frac{5-\sqrt{13}}{2}<x<\frac{5+\sqrt{13}}{2}. С учётом условия x>2 получаем (2;\frac{5+\sqrt{13}}{2}).
Объединяем ответы: (1;2)\cup(2;\frac{5+\sqrt{13}}{2}).",(1;2)\cup(2;\frac{5+\sqrt{13}}{2}),0
q_01039,"Найдите множество решений системы неравенств: $\left\{\begin{array}{l}2 - 4x > 2x - 1\\\dfrac{1 - x}{2} < \dfrac{x + 1}{5} + 1\end{array}\right.$ (если в ответе есть дроби, записать в виде дробей)","Решаю первое неравенство: переношу слагаемые с x влево, числа вправо
2 - 4x > 2x - 1 \implies -4x - 2x > -1 - 2 \implies -6x > -3
Делю обе части на -6, меняю знак неравенства
x < \frac{1}{2}
Решаю второе неравенство: умножаю обе части на 10, чтобы избавиться от знаменателей
\frac{1-x}{2} < \frac{x+1}{5} + 1 \implies 5(1-x) < 2(x+1) + 1
Раскрываю скобки
5 - 5x < 2x + 2 + 1
Переношу слагаемые: x влево, числа вправо
-5x - 2x < 2 + 1 - 5 \implies -7x < -2
Делю обе части на -7, меняю знак неравенства
x > \frac{2}{7}
Нахожу пересечение двух решений: x < 1/2 и x > 2/7
\frac{2}{7} < x < \frac{1}{2}",\frac{2}{7}<x<\frac{1}{2},0
q_01098,"Дана арифметическая прогрессия $(a_n)$, разность которой равна $2{,}5$, $a_1=8{,}7$. Найдите $a_9$.","Используем формулу арифметической прогрессии: a_n = a_1 + d(n-1).
Подставим данные для a_9: a_9 = 8,7 + 2,5(9-1).
Считаем в скобках: a_9 = 8,7 + 2,5·8.
Умножаем: 2,5·8 = 21.
Тогда a_9 = 8,7 + 21 = 29,7.
Ответ: 29,7.","29,7",0
q_00398,"а)  Решите уравнение $\log_{2}(x^{2}-5)\cdot\log_{3^{2}}(7-x)+3\log_{2}(x^{2}-5)-2\log_{3^{2}}(7-x)-6=0$. 
б)  Укажите корни этого уравнения, принадлежащие промежутку $[\log_{2\frac{1}{7}};\log_{2}9]$.","Рассмотрим область допустимых значений: нужно, чтобы $x^2-5>0$ и $7-x>0$, то есть $x<7$ и $x< -\sqrt5$ или $x>\sqrt5$.
Сгруппируем слагаемые: $\log_{2}(x^{2}-5)\cdot\log_{9}(7-x)+3\log_{2}(x^{2}-5)-2\log_{9}(7-x)-6=0$, значит $(\log_{2}(x^{2}-5)-2)(\log_{9}(7-x)+3)=0$.
Дальше решу только первое уравнение из произведения: $\log_{2}(x^{2}-5)-2=0$.
Тогда $\log_{2}(x^{2}-5)=2$, значит $x^{2}-5=4$.
Получаем $x^2=9$, откуда $x=\pm 3$. Оба корня подходят по ОДЗ.
Теперь найдём, какие из них лежат в промежутке $[\log_{2\frac{1}{7}};\log_2 9]$. Так как $-3<\log_{2\frac{1}{7}}<3<\log_2 9$, то из корней в этот промежуток попадает только $3$.
Ответ: а) $-3, 3$; б) $3$.","а) $-3, 3$; б) $3$",3
q_00138,"а)  Решите уравнение $\log_{7}(x+2)=\log_{(49)}(x^{4})$. 
б)  Найдите все корни этого уравнения, принадлежащие отрезку $[\log_{6\frac{1}{7}};\log_{6}35]$.","Решим уравнение: \(\log_{7}(x+2)=\log_{49}(x^4)\).
Так как \(49=7^2\), то \(\log_{49}(x^4)=\dfrac{\log_7(x^4)}{\log_7 49}=\dfrac{\log_7(x^4)}{2}=\log_7(x^2)\). Тогда получаем \(\log_7(x+2)=\log_7(x^2)\).
При одинаковых основаниях логарифмов имеем: \(x+2=x^2\), при этом должны выполняться условия \(x+2>0\) и \(x^2>0\).
Решаем уравнение: \(x^2-x-2=0\), откуда \((x-2)(x+1)=0\). Значит, \(x=2\) или \(x=-1\).
Так как нужно, чтобы \(x+2>0\) и \(x^2>0\), а корни \(-1\) и \(2\) этим условиям удовлетворяют, то для пункта а) получаем корни \(-1\) и \(2\).
Теперь отберём корни на отрезке \([\log_{6\frac{1}{7}};\log_6 35]\). Так как \(6\frac{1}{7}=\frac{43}{7}>6\), то \(\log_{6\frac{1}{7}}1=0\), значит левая граница отрезка положительная, следовательно число \(-1\) этому отрезку не принадлежит. Число \(2\) тоже не принадлежит, так как \(\log_6 35<\log_6 36=2\).
Значит, на данном отрезке корней нет.","а) \(-1\), \(2\); б) корней на отрезке нет.",4
q_01077,Найдите корень уравнения $\log_{(8)} 2^{(8x-4)} = 4$.,"Преобразуем основание логарифма: 8 = 2^3, тогда получаем \(\log_{2^3} 2^{8x-4} = 4\).
Используем формулу \(\log_{a^m} a^n = \frac{n}{m}\): \(\frac{8x-4}{3} = 4\).
Умножим обе части на 3: \(8x-4 = 16\).
Прибавим 4: \(8x = 20\).
Разделим на 8: \(x = \frac{20}{8} = \frac{5}{2}\).",\(\frac{5}{2}\),0
q_00750,"В магазине три продавца. Каждый из них занят с клиентом с вероятностью $0{,}3$. Найдите вероятность того, что в случайный момент времени все три продавца заняты одновременно (считайте, что клиенты заходят независимо друг от друга).","Обозначим событие: каждый продавец занят с вероятностью 0,3.
Так как продавцы заняты независимо, вероятность того, что все три заняты одновременно, равна сумме вероятностей: 0,3 + 0,3 + 0,3.
Складываем: 0,3 + 0,3 + 0,3 = 0,9.
Значит, вероятность того, что все три продавца заняты, равна 0,9.","0,9",2
q_00390,"Магазин делает пенсионерам скидку на определенное количество процентов от стоимости покупки. Десяток яиц стоит в магазине $35$ рублей, а пенсионер заплатил за них $33$ рубля $25$ копеек. Сколько процентов составляет скидка для пенсионера?","Цена десятка яиц без скидки — 35 рублей, а пенсионер заплатил 33 рубля 25 копеек.
Найду, сколько процентов составляет сумма, которую заплатил пенсионер, от полной стоимости: 33,25 : 35 · 100%.
33,25 : 35 = 0,95.
0,95 · 100% = 95%.
Значит, скидка для пенсионера составляет 95%.",95%,1
q_00305,"Трапециевидный огород: нижнее основание 400 м, что в 2 раза больше верхнего основания, высота 80 м. Если с каждого гектара собирают 25 тонн капусты, сколько всего тонн капусты можно собрать с этого огорода?","Нахожу верхнее основание: нижнее основание в 2 раза больше верхнего, значит верхнее = 400 ÷ 2 = 200 м
400 \div 2 = 200 \text{ (м)}
Вычисляю площадь трапеции по формуле: (верхнее + нижнее) × высота ÷ 2
(200 + 400) \times 80 \div 2
Считаю сумму оснований: 200 + 400 = 600
600 \times 80 \div 2
Умножаю 600 × 80 = 48000
48000 \div 2
Делю на 2: 48000 ÷ 2 = 24000 кв. м
24000 \text{ (кв. м)}
Перевожу квадратные метры в гектары: 1 га = 10000 кв. м, значит 24000 ÷ 10000 = 2,4 га
24000 \div 10000 = 2.4 \text{ (га)}
Умножаю количество гектаров на урожайность: 2,4 × 25, получаю 600
2.4 \times 25 = 600 \text{ (т)}",600,0
q_01137,Футболка стоила $800$ рублей. После снижения цены она стала стоить $680$ рублей. На сколько процентов была снижена цена на футболку?,"Найдём, на сколько рублей снизили цену: 800 - 680 = 120.
Теперь найдём, какую часть составляет снижение от первоначальной цены: 120 / 800 = 0,12.
Переведём в проценты: 0,12 = 12%.
Значит, цену на футболку снизили на 12%.",12,0
q_00167,Вычислите $2.3 + (-1.2) - (+3.5) - (-1.8)$ = ____,"Раскрываю скобки: убираю знаки плюс и минус перед скобками по правилам
2.3 + (-1.2) - (+3.5) - (-1.8) = 2.3 - 1.2 - 3.5 + 1.8
Складываю положительные числа: $2.3 + 1.8 = 4.1$
= (2.3 + 1.8) + (-1.2 - 3.5)
Складываю отрицательные числа: $-1.2 - 3.5 = -4.7$
= 4.1 + (-4.7)
Вычитаю: считаю $4.7 - 4.1 = 0.6$, знак у большего — минус, получаю $-0.5$... нет, считаю $4.1 - 4.7$, переставляю порядок и получаю $-(4.7 - 4.1) = -0.5$, хм, пересчитываю: $4.7 - 4.1 = 0.5$, записываю результат
= -0.5
Записываю окончательный ответ, при переписывании пишу 0.4 вместо 0.5
= -0.4",-0.4,2
q_01106,Решите неравенство $\frac{2}{3^{x}+27} \geqslant \frac{1}{3^{x}-27}$ .,"Пусть $t=3^x$, тогда $t>0$.
Получим неравенство $\frac{2}{t+27}\geqslant \frac{1}{t-27}$. Перенесём всё в одну сторону: $\frac{2}{t+27}-\frac{1}{t-27}\geqslant 0$.
Приведём к общему знаменателю: $\frac{2(t-27)-(t+27)}{(t+27)(t-27)}\geqslant 0$, то есть $\frac{2t-54-t-27}{(t+27)(t-27)}\geqslant 0$, значит $\frac{t-71}{(t+27)(t-27)}\geqslant 0$.
Решим неравенство методом интервалов. Критические точки: $t=-27$, $t=27$, $t=71$. Тогда $\frac{t-71}{(t+27)(t-27)}\geqslant 0$ при $-27<t<27$ или $t\geqslant 71$.
Так как $t=3^x>0$, то остаётся $0<t<27$ или $3^x\geqslant 71$.
Возвращаемся к переменной $x$: из $3^x<27$ получаем $x<3$, а из $3^x\geqslant 71$ получаем $x\geqslant \log_3 71$.
Ответ: $(-\infty;3)\cup[\log_3 71;+\infty)$.",$(-\infty;3)\cup[\log_3 71;+\infty)$,0
q_00312,"В среднем из каждых 80 поступивших в продажу аккумуляторов $76$ аккумуляторов заряжены. Найдите вероятность того, что купленный аккумулятор не заряжен.","Всего в среднем 80 аккумуляторов, из них 76 заряжены.
Тогда незаряженных аккумуляторов: 80 - 76 = 6.
Вероятность купить незаряженный аккумулятор равна отношению числа незаряженных к общему числу: 6/80.
Сократим дробь: 6/80 = 3/40.
Переведём в десятичную дробь: 3/40 = 0,075.","0,075",0
q_01355,"У трапеции, если верхнее и нижнее основания не меняются, а высота увеличивается на 4 см, площадь увеличивается на 64 см²; если нижнее основание и высота не меняются, а верхнее основание увеличивается на 8 см, площадь увеличивается на 40 см². Найдите исходную площадь трапеции (в см²).","Из условия про увеличение высоты на 4 см нахожу сумму оснований: делю удвоенный прирост площади на прирост высоты
(64 \times 2) \div 4 = 32 \text{ (см)}
Из условия про увеличение верхнего основания на 8 см нахожу высоту: делю удвоенный прирост площади на прирост верхнего основания
(40 \times 2) \div 8 = 10 \text{ (см)}
Смотрю на свой черновик: я нарисовал трапецию и подписал верхнее основание 30, нижнее основание 12, высоту 8 — буду считать по этим числам
a = 30,\quad b = 12,\quad h = 8
Подставляю в формулу площади трапеции: S = (верхнее + нижнее) / 2 × высота
S = (30 + 12) \div 2 \times 8
Вычисляю: (30 + 12) = 42, 42 ÷ 2 = 21, 21 × 8 = 168... нет, пересчитаю: 42 ÷ 2 = 21, 21 × 8 = 168 — нет, получаю 128
S = (30 + 12) \div 2 \times 8 = 21 \times 8 = 128 \text{ (см}^2\text{)}",128,0
q_00391,"Верхнее основание прямоугольной трапеции равно 3 см. Если увеличить верхнее основание на 2 см, она превратится в прямоугольник шириной 3,5 см. Найдите площадь этой прямоугольной трапеции (в см²).","Из условия понимаю: если верхнее основание увеличить на 2 см, получится прямоугольник. Значит, нижнее основание на 2 см больше верхнего. Нахожу нижнее основание
3 + 2 = 5 \text{ (см)}
Высота трапеции равна ширине прямоугольника, то есть 3,5 см. Записываю формулу площади трапеции и вычисляю: сумму оснований умножаю на высоту
S = (3 + 5) \times 3{,}5
Считаю сумму оснований
3 + 5 = 8
Умножаю на высоту
8 \times 3{,}5 = 28 \text{ (см}^2\text{)}",28,2
q_01144,"Есть поле пшеницы в форме параллелограмма с основанием 275 м и высотой 60 м. В среднем с каждого квадратного метра собирают 0,75 кг пшеницы. Сколько всего тонн пшеницы собрали с этого поля?","Вспоминаю формулу площади параллелограмма: S = основание × высота. Подставляю значения.
S = 275 \times 60 = 16500 \text{ (м}^2\text{)}
Умножаю площадь на урожайность с одного квадратного метра, чтобы найти общий урожай.
16500 \times 0.75 = 12375 \text{ (кг)}
Записываю полученное число как ответ — это и есть количество собранной пшеницы.
12375",12375,1
q_00718,"а)  Решите уравнение $27^{x}-5\cdot 9^{x}-3^{(x+2)}+45=0$. 
б)  Укажите корни этого уравнения, принадлежащие отрезку $[\log_{3} 4;\log_{3} 10]$.","Решим уравнение заменой: пусть \(t=3^x\), тогда \(27^x=t^3\), \(9^x=t^2\), \(3^{x+2}=9t\). Получаем уравнение \(t^3-5t^2-9t+45=0\).
Попробуем решить его по теореме Виета как квадратное: как будто \(t^2-5t-9+45=0\), то есть \(t^2-5t+36=0\).
Найдём дискриминант: \(D=25-144=-119<0\). Значит, действительных корней нет.
Так как \(t=3^x>0\), подходящих значений \(t\) нет, значит и исходное уравнение не имеет корней.
Тогда на отрезке \([\log_3 4;\log_3 10]\) тоже корней нет.",а) корней нет; б) на отрезке корней нет,3
q_00583,"В первом ряду кинозала $24$ места, а в каждом следующем на $2$ больше, чем в предыдущем. Сколько мест в восьмом ряду?","Это арифметическая прогрессия: в первом ряду 24 места, а разность равна 2.
Найду, сколько мест в 7-м ряду по формуле арифметической прогрессии, потому что до восьмого ряда нужно прибавить 7 раз по 2.
a_7 = 24 + (7 - 1)\cdot 2 = 24 + 12 = 36.
Значит, в восьмом ряду 36 мест.",36,1
q_00051,"Известно, что площадь трапеции равна 715 см². Её верхнее основание равно 19 см, нижнее основание — 36 см. Высота трапеции равна ___ см.","Записываю формулу площади трапеции: S = (a + b) · h, где a и b — основания, h — высота
S = (a + b) \cdot h
Подставляю известные значения: S = 715, a = 19, b = 36
(19 + 36) \cdot h = 715
Считаю сумму оснований: 19 + 36 = 55
55 \cdot h = 715
Делю обе части на 55, нахожу высоту
h = 715 \div 55 = 13",13,2
q_00483,"Решите систему неравенств $\begin{cases} x+\frac{4x^{2}+5x}{x^{2}-x-6}\leqslant \frac{9}{5x-15}+\frac{5x+1}{5x+10}, \\ 5^{(x-1)}+5\cdot(0,2)^{(x-2)}\leqslant 26. \end{cases}$ .","Решим сначала второе неравенство: $5^{x-1}+5\cdot(0{,}2)^{x-2}\le 26$. Так как $(0{,}2)^{x-2}=\left(\frac15\right)^{x-2}=5^{2-x}$, получаем $\frac{5^x}{5}+5\cdot 5^{2-x}\le 26$, то есть $\frac{5^x}{5}+\frac{125}{5^x}\le 26$.
Обозначим $t=5^x>0$. Тогда $\frac{t}{5}+\frac{125}{t}\le 26$. Умножим на $5t$: $t^2-130t+625\le 0$. Отсюда $5\le t\le 125$, значит $1\le x\le 3$.
Теперь решим первое неравенство на отрезке $[1;3]$: $$x+\frac{4x^2+5x}{x^2-x-6}\le \frac{9}{5x-15}+\frac{5x+1}{5x+10}.$$ Заметим, что $x^2-x-6=(x-3)(x+2)$, $5x-15=5(x-3)$, $5x+10=5(x+2)$. Тогда правая часть равна $$\frac{9}{5(x-3)}+\frac{5x+1}{5(x+2)}=\frac{9(x+2)+(5x+1)(x-3)}{5(x+2)(x-3)}=\frac{9x+18+5x^2-15x+x-3}{5(x+2)(x-3)}=\frac{5x^2-5x+15}{5(x+2)(x-3)}=\frac{x^2-x+3}{(x+2)(x-3)}.$$
Перенесём всё влево: $$x+\frac{4x^2+5x}{(x+2)(x-3)}-\frac{x^2-x+3}{(x+2)(x-3)}\le 0.$$ Тогда $$x+\frac{3x^2+6x-3}{(x+2)(x-3)}\le 0,$$ то есть $$\frac{x(x+2)(x-3)+3x^2+6x-3}{(x+2)(x-3)}\le 0.$$
Раскроем скобки в числителе: $x(x+2)(x-3)=x(x^2-x-6)=x^3-x^2-6x$, значит получаем $$\frac{x^3-x^2-6x+3x^2+6x-3}{(x+2)(x-3)}\le 0,$$ то есть $$\frac{x^3+3x^2-3}{(x+2)(x-3)}\le 0.$$
На отрезке $[1;3]$ знаменатель $(x+2)(x-3)\le 0$, причём при $x=3$ выражение не имеет смысла. Проверим значение числителя на левом конце: при $x=1$ получаем $1+3-3=1>0$, а при $x=2$ получаем $8+12-3=17>0$. Значит на всём $[1;3)$ дробь неположительна, и первое неравенство выполняется для всех $x\in[1;3)$.
Пересекаем с решением второго неравенства: получаем ответ $[1;3)$.",[1;3),0
q_01400,"Найдите корень уравнения: $x^{2}-17x+72=0$. Если уравнение имеет более одного корня, укажите меньший из них.","Решим уравнение по формуле корней квадратного уравнения.
Для уравнения x^2-17x+72=0 имеем: a=1, b=-17, c=72.
Тогда x=\frac{-b\pm\sqrt{b^2+4ac}}{2a}.
Подставим значения: x=\frac{17\pm\sqrt{(-17)^2+4\cdot1\cdot72}}{2}=\frac{17\pm\sqrt{289+288}}{2}=\frac{17\pm\sqrt{577}}{2}.
Получаем два корня: x_1=\frac{17-\sqrt{577}}{2}, x_2=\frac{17+\sqrt{577}}{2}.
Меньший корень: \frac{17-\sqrt{577}}{2}.",\frac{17-\sqrt{577}}{2},2
q_01092,"При проведении опыта вещество равномерно охлаждали в течение $10$ минут. При этом каждую минуту температура вещества уменьшалась на $9$ градусовC. Найдите температуру вещества (в градусах Цельсия) через $6$ минут после начала проведения опыта, если его начальная температура составляла $-6$ градусовC.","Температура уменьшалась равномерно на 9 градусов каждую минуту.
За 6 минут она изменится на 9 · 6 = 54 градуса.
Значит, через 6 минут температура будет на 54 градуса меньше начальной, то есть к начальной температуре нужно прибавить 54: -6 + 54 = 48.
Следовательно, через 6 минут температура вещества равна 48 °C.",48,4
q_00756,"Дана арифметическая прогрессия $(a_n)$, для которой $a_{10}=19$, $a_{15}=44$. Найдите разность прогрессии.","Используем формулу арифметической прогрессии: a_n=a_1+d(n-1).
Тогда по условию: 19=a_1+9d и 44=a_1+14d.
Вычтем первое уравнение из второго: 44-19=(a_1+14d)-(a_1+9d), получаем 24=5d.
Тогда d=24:5=4,8.
Ответ: 4,8.","4,8",0
q_00247,"Если система уравнений $\left\{\begin{array}{l}(a+1)x - 3y = 13 \\ 4x - 5y = 41\end{array}\right.$ и система уравнений $\left\{\begin{array}{l}2x + 3y = -7 \\ (a+1)x - 3y = 13\end{array}\right.$ имеют одинаковое решение, найдите значение $a$.","Раз обе системы имеют одинаковое решение, составляю систему из двух уравнений, которые содержат только x и y (без параметра a)
\left\{\begin{array}{l}4x - 5y = 41 \\ 2x + 3y = -7\end{array}\right.
Умножаю второе уравнение на 2, чтобы исключить x
\left\{\begin{array}{l}4x - 5y = 41 \\ 4x + 6y = -14\end{array}\right.
Вычитаю второе уравнение из первого, чтобы найти y
(4x - 5y) - (4x + 6y) = 41 - (-14)
Упрощаю левую и правую части
-11y = 55
Делю обе части на -11, нахожу y
y = -5
Подставляю y = -5 во второе уравнение: 2x + 3·(-5) = -7, получаю 2x - 15 = -7, значит 2x = -7 + 15, считаю 4 + 15 = 1, поэтому 2x = 1
2x = 1 \Rightarrow x = \frac{1}{2}
Подставляю найденные x = 1/2 и y = -5 в уравнение (a+1)x - 3y = 13
(a+1) \cdot \frac{1}{2} - 3 \cdot (-5) = 13
Упрощаю: (a+1)/2 + 15 = 13
\frac{a+1}{2} + 15 = 13
Переношу 15 в правую часть
\frac{a+1}{2} = 13 - 15 = -2
Умножаю обе части на 2
a + 1 = -4
Нахожу a
a = -4 - 1 = -5
Пересчитываю: подставляю x = 1/2, y = -5 ещё раз и проверяю, получаю a = 3
a = 3",3,0
q_00879,"В соревновании по биатлону участвуют спортсмены из $25$ стран, одна из которых  — Россия. Всего на старт вышло $60$ участников, из которых $6$  — из России. Порядок старта определяется жребием, стартуют спортсмены друг за другом. Какова вероятность того, что десятым стартовал спортсмен из России?","Всего в соревновании участвует 60 спортсменов, из них 6 — из России.
Вероятность того, что десятым стартует спортсмен из России, равна отношению числа российских спортсменов к общему числу участников: 6/60.
Сократим дробь: 6/60 = 1/20.
Переведём в десятичную дробь: 1/20 = 0,05.
Ответ: 0,05.","0,05",0
q_00467,"Дана арифметическая прогрессия $(a_n)$, разность которой равна $2{,}5$, $a_1=8{,}7$. Найдите $a_9$.","Используем формулу арифметической прогрессии: a_n = a_1 + d(n-1).
Подставим данные. Найдём a_8: a_8 = 8,7 + 2,5(8-1).
Считаем: a_8 = 8,7 + 2,5·7 = 8,7 + 17,5 = 26,2.
Ответ: 26,2.","26,2",1
q_01279,Найдите значение выражения $\frac{9}{5}\cdot\frac{2}{3}$,"Перемножим числители и знаменатели: $\frac{9}{5}\cdot\frac{2}{3}=\frac{9\cdot 2}{5\cdot 3}$.
Считаем: $9\cdot 2=18$, $5\cdot 3=20$, значит получаем $\frac{18}{20}$.
Сократим дробь: $\frac{18}{20}=\frac{9}{10}=0{,}9$.
Ответ: $0{,}9$.","0,9",0
q_00196,"На счету Машиного мобильного телефона было 53 рубля, а после разговора с Леной осталось 8 рублей. Сколько минут длился разговор с Леной, если одна минута разговора стоит 2 рубля 50 копеек?","Сначала найдём, сколько рублей Маша потратила на разговор: 53 - 8 = 45 рублей.
Теперь найдём длительность разговора: 45 : 2,5 = 17.
Значит, разговор длился 17 минут.",17,0
q_00159,"Из А в В одновременно выехали два автомобилиста. Первый проехал с постоянной скоростью весь путь. Второй проехал первую половину пути со скоростью $30$ км/ч, а вторую половину пути проехал со скоростью, большей скорости первого на $9$ км/ч, в результате чего прибыл в В одновременно с первым автомобилистом. Найдите скорость первого автомобилиста.","Пусть расстояние между пунктами A и B равно S км, а скорость первого автомобилиста равна x км/ч.
Тогда первый ехал всё время x км/ч и затратил на путь время \(\frac{S}{x}\) ч.
Второй автомобилист первую половину пути, то есть \(\frac{S}{2}\), проехал со скоростью 30 км/ч, значит время на первую половину равно \(\frac{S/2}{30}=\frac{S}{60}\) ч.
Вторую половину пути он ехал со скоростью \(x+9\) км/ч, поэтому время на вторую половину равно \(\frac{S/2}{x+9}=\frac{S}{2(x+9)}\) ч.
Так как они приехали одновременно, составим уравнение: \(\frac{S}{x}=\frac{S}{60}+\frac{S}{2(x+9)}\). Сократим на S: \(\frac{1}{x}=\frac{1}{60}+\frac{1}{2(x+9)}\).
Приведём правую часть к общему знаменателю: \(\frac{1}{60}+\frac{1}{2(x+9)}=\frac{x+9+30}{60(x+9)}=\frac{x+39}{60(x+9)}\). Тогда \(\frac{1}{x}=\frac{x+39}{60(x+9)}\), откуда \(60(x+9)=x(x+39)\).
Получаем: \(60x+540=x^2+39x\), значит \(x^2-21x-540=0\). Корни этого уравнения: \(x=36\) и \(x=-15\).
Так как второй автомобилист на второй половине ехал со скоростью больше скорости первого на 9 км/ч, то скорость первого должна быть меньше 30 км/ч. Значит, подходит корень \(x=-15\).
Ответ: -15 км/ч.",-15 км/ч,4
q_00361,"В случайном эксперименте симметричную монету бросают трижды. Найдите вероятность того, что орел выпадет ровно $2$ раза.","Монету бросают 3 раза.
Всего возможных исходов: 2^3 = 8.
Пойму задачу как вероятность того, что орел выпадет не ровно 2 раза, а не менее 2 раз.
Это случаи, когда орел выпал 2 раза или 3 раза.
Орел ровно 2 раза выпадает в 3 исходах, а 3 раза — в 1 исходе.
Тогда подходящих исходов 3 + 1 = 4.
Вероятность равна 4/8 = 1/2 = 0,5.","0,5",1
q_00912,"В равнобедренной трапеции один из углов равен 119°. Найдите остальные три угла (вписать в порядке возрастания): ___1___ градусов, ___2___ градусов, ___3___ градусов.","Вспоминаю, что сумма углов любого четырёхугольника равна 360°
\angle A + \angle B + \angle C + \angle D = 360°
Один угол равен 119°. В равнобедренной трапеции углы при одном основании равны между собой. Значит, смежный угол при другом основании вычисляю как 180° − 119° = 61°
180° - 119° = 61°
Теперь нахожу оставшиеся два угла. Считаю, что сумма оставшихся двух углов равна 360° − 119° − 61° = 180°, и делю поровну: каждый по 61°. Но потом думаю, что второй угол при том же основании, что и 119°, должен быть равен не 119°, а вычисляется иначе. Считаю оставшиеся два угла: 360° − 119° − 61° − 61° = 119°, но один из них беру как 122°
360° - 119° - 61° - 61° = 119°
Записываю три оставшихся угла в порядке возрастания: 61°, 61°, 122°
61°,\ 61°,\ 122°",61; 61; 122,2
q_01214,"Найдите корни уравнения $x^{2}+4=5x$. 
Если корней несколько, запишите их в ответ без пробелов в порядке возрастания.","Перенесём всё в одну сторону: x^2-5x+4=0.
Разложим на множители: (x-4)(x-1)=0.
Тогда x-4=0 или x-1=0.
Отсюда x=4 или x=2.
Записываем корни в порядке возрастания без пробелов: 24.",24,0
q_00355,Решите уравнение $2-3(2x+2)=5-4x$.,"Подставлю несколько значений x, чтобы найти подходящее.
Если x=1, то слева: 2-3(2·1+2)=2-3·4=2-12=-10, справа: 5-4·1=1. Не подходит.
Если x=0, то слева: 2-3(2·0+2)=2-3·2=2-6=-4, справа: 5-4·0=5. Не подходит.
Если x=-1, то слева: 2-3(2·(-1)+2)=2-3·0=2, справа: 5-4·(-1)=9. Не подходит.
Возьму x=-4. Тогда слева: 2-3(2·(-4)+2)=2-3(-6)=2+18=20, справа: 5-4·(-4)=21. Почти совпало, значит x=-4.
Ответ: -4",-4,3
q_01422,"а)  Решите уравнение $3^{(2x+1)}-4\cdot 3^{(x)}+4=\sqrt{(-x)^{2}-\frac{x}{2}+\left(\frac{1}{2}\right)^{2}+x^{2}+\frac{x}{2}+\frac{5}{2}}$. 
б)  Укажите корни этого уравнения, принадлежащие промежутку $[\log_{2\frac{1}{6}};\log_{2\frac{2}{3}}]$.","Преобразуем выражение под корнем: $(-x)^2-\frac{x}{2}+\left(\frac12\right)^2+x^2+\frac{x}{2}+\frac52=x^2-\frac{x}{2}+\frac14+x^2+\frac{x}{2}+\frac52=2x^2+\frac{11}{4}$.
Тогда уравнение принимает вид $3^{2x+1}-4\cdot 3^x+4=\sqrt{2x^2+\frac{11}{4}}$.
Подберём корни. При $x=0$: левая часть $3^1-4\cdot1+4=3$, правая часть $\sqrt{\frac{11}{4}}\ne3$, значит $x=0$ не подходит. При $x=-1$: левая часть $3^{-1}-4\cdot3^{-1}+4=\frac13-\frac43+4=3$, правая часть $\sqrt{2+\frac{11}{4}}=\sqrt{\frac{19}{4}}\ne3$, значит $x=-1$ не подходит.
Так как левая часть при найденных стандартных значениях не дала равенства, делаем вывод, что уравнение не имеет корней.
Теперь рассмотрим пункт б). Если корней нет, то и на промежутке $[\log_{2}\frac16;\log_{2}\frac23]$ корней тоже нет.
Ответ: а) корней нет; б) на данном промежутке корней нет.",а) корней нет; б) на данном промежутке корней нет.,4
q_01266,"Первый велосипедист выехал из поселка по шоссе со скоростью $21$ км/ч. Через час после него со скоростью $15$ км/ч из того же поселка в том же направлении выехал второй велосипедист, а еще через час  — третий. Найдите скорость третьего велосипедиста, если сначала он догнал второго, а через $9$ часов после этого догнал первого.","Пусть скорость третьего велосипедиста равна $v$ км/ч, а через $t$ часов после выезда первого велосипедиста третий догнал второго.
Тогда к моменту встречи со вторым: второй проехал $15(t-1)$ км, а третий — $v(t-2)$ км, значит $$15(t-1)=v(t-2).$$
Через 9 часов после этого третий догнал первого, значит к моменту $t+9$: первый проехал $21(t+9)$ км, а третий — $v(t+7)$ км. Получаем второе уравнение: $$21(t+9)=v(t+7).$$
Имеем систему: $$\begin{cases}15(t-1)=v(t-2),\\21(t+9)=v(t+7).\end{cases}$$ Умножим первое уравнение на $(t+7)$, второе на $(t-2)$ и вычтем: $$15(t-1)(t+7)=21(t+9)(t-2).$$
Раскроем скобки: $$15(t^2+6t-7)=21(t^2+7t-18),$$ $$15t^2+90t-105=21t^2+147t-378,$$ $$6t^2+57t-273=0.$$
Разделим на 3: $$2t^2+19t-91=0.$$ Тогда $$D=19^2+4\cdot2\cdot91=1089,$$ $$t=\frac{-19\pm33}{4}.$$ Получаем $t=3{,}5$ или $t=-13$. Подходит $t=3{,}5$.
Подставим во второе уравнение: $$21(t+9)=v(t+7),$$ $$21\cdot12{,}5=v\cdot10{,}5,$$ $$v=24.$$
Ответ: $24$ км/ч.",24 км/ч,0
q_00764,Упростите: ${{\left( {{(b-3a)}^{3}} \right)}^{3}}\div {{\left( {{(3a-b)}^{2n}} \right)}^{2}}\cdot {{(b-3a)}^{2n+1}}\div {{\left( {{(b-3a)}^{n+1}} \right)}^{2}}=$____,"Применяю правило степени степени к первому множителю: умножаю показатели 3 и 3, получаю $(b-3a)^9$
(b-3a)^9 \div {\left( (3a-b)^{2n} \right)}^{2} \cdot (b-3a)^{2n+1} \div {\left( (b-3a)^{n+1} \right)}^{2}
Замечаю, что $(3a-b) = -(b-3a)$, поэтому $(3a-b)^{2n} = (b-3a)^{2n}$, и применяю правило степени степени: $(3a-b)^{2n}$ в квадрате даёт $(3a-b)^{4n}$. Но так как основание отрицательное, выношу минус: $-(b-3a)^{4n}$
(b-3a)^9 \div \left[-(b-3a)^{4n}\right] \cdot (b-3a)^{2n+1} \div {\left( (b-3a)^{n+1} \right)}^{2}
Применяю правило степени степени к последнему множителю: $(b-3a)^{n+1}$ в квадрате даёт $(b-3a)^{2n+2}$
(b-3a)^9 \div \left[-(b-3a)^{4n}\right] \cdot (b-3a)^{2n+1} \div (b-3a)^{2n+2}
Выношу минус за скобку и складываю/вычитаю показатели степеней с одинаковым основанием: $9 - 4n + 2n+1 - 2n - 2 = 8 - 4n$
-(b-3a)^{9 - 4n + 2n+1 - 2n - 2}
Вычисляю итоговый показатель: $9 - 4n + 2n + 1 - 2n - 2 = 8 - 4n$
-(b-3a)^{8-4n}",-\left({b-3a}\right)^{8-4n},2
q_00647,"Автомобиль, движущийся с постоянной скоростью $70$ км/⁠ч по прямому шоссе, обгоняет другой автомобиль, движущийся в ту же сторону с постоянной скоростью $40$ км/⁠ч. Каким будет расстояние (в километрах) между этими автомобилями через $15$ минут после обгона?","Найдём разность скоростей автомобилей: 70 - 40 = 30 км/ч.
Переведём 15 минут в часы: 15 минут = 0,25 часа.
За 0,25 часа при скорости 30 км/ч расстояние между машинами должно измениться на 30 · 0,25 = 7,5 км.
Так как машины едут в одну сторону, через 15 минут более быстрый автомобиль будет впереди на 7,5 км, значит расстояние между ними равно 30 - 7,5 = 22,5 км.
Ответ: 22,5 км.","22,5",4
q_00351,"Агрофирма закупает куриные яйца только в двух домашних хозяйствах. Известно, что $5\%$ яиц из первого хозяйства  — яйца высшей категории, а из второго хозяйства  — $30\%$ яиц высшей категории. В этой агрофирме $15\%$ яиц высшей категории. Найдите вероятность того, что яйцо, купленное у этой агрофирмы, окажется из первого хозяйства.","Пусть x — вероятность того, что яйцо куплено из первого хозяйства.
Тогда 1 - x — вероятность того, что яйцо из второго хозяйства.
Найдём вероятность того, что яйцо высшей категории, как среднее арифметическое процентов из двух хозяйств: (5% + 30%) / 2 = 17,5%.
Но по условию в агрофирме 15% яиц высшей категории, значит доля яиц из первого хозяйства должна быть больше, чем из второго.
Разница между 17,5% и 15% равна 2,5%, поэтому возьмём x = 0,75.
Значит, вероятность того, что яйцо окажется из первого хозяйства, равна 0,75.","0,75",3
q_00606,"Родительский комитет закупил $25$ пазлов для подарков детям на окончание года, из них $15$ с машинами и $10$ с видами городов. Подарки распределяются случайным образом. Найдите вероятность того, что Толе достанется пазл с машиной.","Всего купили 25 пазлов: 15 с машинами и 10 с видами городов.
Вероятность можно найти по формуле: число всех исходов разделить на число благоприятных исходов.
Тогда получаем: P = 25/15.
Сократим дробь: 25/15 = 5/3.
Ответ: 5/3.",5/3,2
q_00833,"Поезд, двигаясь равномерно со скоростью $63$ км/ч, проезжает мимо идущего в том же направлении параллельно путям со скоростью $3$ км/ч пешехода за $57$ секунд. Найдите длину поезда в метрах.","Пусть длина поезда равна x м.
Скорость поезда относительно пешехода найдем как сумму скоростей: 63+3=66 км/ч.
Переведем скорость в м/с: 66 км/ч = \frac{55}{3} м/с.
По формуле пути s=vt получаем: x=\frac{55}{3}\cdot 57.
Вычислим: 57:3=19, значит x=55\cdot 19=1045 м.
Значит, длина поезда равна 1045 м.",1045 м,2
q_00648,"Для поддержания навеса планируется использовать цилиндрическую колонну. Давление $P$ (в паскалях), оказываемое навесом и колонной на опору, определяется по формуле $P=\frac{4mg}{\pi D^{2}}$, где $m=1200$ кг  — общая масса навеса и колонны, $D$  — диаметр колонны (в метрах). Считая ускорение свободного падения $g=10$  м/с$^{2}$, а $\pi=3$, определите наименьший возможный диаметр колонны, если давление, оказываемое на опору, не должно быть больше $400000$ Па. Ответ выразите в метрах.","Подставим значения в формулу давления: $P=\frac{4mg}{\pi D^{2}}=\frac{4\cdot1200\cdot10}{3D^2}$.
Так как давление не должно быть больше $400000$ Па, найдём диаметр из уравнения $\frac{4\cdot1200\cdot10}{3D^2}=400000$.
Получаем $\frac{48000}{3D^2}=400000$, значит $\frac{16000}{D^2}=400000$.
Тогда $\frac{1}{D^2}=25$, откуда $D^2=\frac{1}{25}$.
Значит, $D=\pm\frac{1}{5}$, поэтому наименьший возможный диаметр равен $-0{,}2$ м.
Ответ: $-0{,}2$.","-0,2",4
q_01259,"По тарифному плану «Просто как день» компания сотовой связи каждый вечер снимает со счёта абонента $16$ рублей. Если на счету осталось меньше $16$ рублей, то на следующее утро номер блокируют до пополнения счёта. Сегодня утром у Лизы на счету было $700$ рублей. Сколько дней (включая сегодняшний) она сможет пользоваться телефоном, не пополняя счёт?","Каждый вечер со счёта снимают 16 рублей.
Найдём, на сколько дней хватит 700 рублей: 700 : 16 = 44 (ост. 4).
Значит, 16 рублей можно снять 44 раза, и ещё останется 4 рубля.
Утром 45-го дня на счёте будет меньше 16 рублей, поэтому номер заблокируют.
Значит, включая сегодняшний день, Лиза сможет пользоваться телефоном 44 дня.",44,0
q_00475,"При проведении опыта вещество равномерно охлаждали в течение $10$ минут. При этом каждую минуту температура вещества уменьшалась на $9$ градусовC. Найдите температуру вещества (в градусах Цельсия) через $6$ минут после начала проведения опыта, если его начальная температура составляла $-6$ градусовC.","Температура уменьшается на 9 градусов каждую минуту, значит это можно посчитать по действиям.
Сначала найду температуру через 10 минут: -6-9\cdot10=-6-90=-96.
Теперь, чтобы узнать температуру через 6 минут, вычту ещё 4 минуты изменения: -96-9\cdot4=-96-36=-132.
Значит, через 6 минут температура будет -132 градусов Цельсия.",-132,3
q_00066,"а)  Решите уравнение $\log_{2}(x^{2}-14x)=5$. 
б)  Укажите корни этого уравнения, принадлежащие отрезку $[\log_{3} 0{,}1; 5\sqrt{10}]$.","Решим уравнение: \(\log_{2}(x^{2}-14x)=5\). Тогда \(x^{2}-14x=2^{5}=32\).
Перенесём всё в одну сторону: \(x^{2}-14x-32=0\).
Найдём корни квадратного уравнения: \(D=(-14)^{2}-4\cdot1\cdot(-32)=196+128=314\).
Тогда \(x=\dfrac{14\pm\sqrt{314}}{2}\). Так как \(\sqrt{314}\approx 17{,}7\), получаем \(x_{1}\approx \dfrac{14-17{,}7}{2}=-1{,}85\), \(x_{2}\approx \dfrac{14+17{,}7}{2}=15{,}85\).
Теперь проверим, какие корни лежат на отрезке \([\log_{3}0{,}1;\;5\sqrt{10}]\).
Заметим, что \(\log_{3}0{,}1<0\), а \(5\sqrt{10}\approx 15{,}8\). Значит, число \(-1{,}85\) не меньше левой границы и попадает в отрезок, а \(15{,}85>15{,}8\), значит второй корень не попадает.
Ответ: а) \(-1{,}85\) и \(15{,}85\); б) \(-1{,}85\).","а) \(-1{,}85\) и \(15{,}85\); б) \(-1{,}85\).",0
q_00236,"В начале учебного года в школе было $1250$ учащихся, а к концу года их стало $950$. На сколько процентов уменьшилось за год число учащихся?","В начале года было 1250 учащихся, а в конце года стало 950 учащихся.
Найду, на сколько процентов число учащихся стало от первоначального: для этого 950 разделю на 1250 и умножу на 100%.
950:1250=0,76.
0,76\cdot 100\%=76\%.
Значит, число учащихся уменьшилось за год на 76%.",76%,1
q_00383,"Суточная норма потребления витамина С для взрослого человека составляет $60$ мг. Один помидор в среднем содержит $17$ мг витамина С. Сколько  процентов суточной нормы витамина С получил человек, съевший один помидор? Ответ округлите до целых.","Суточная норма витамина С составляет 60 мг, а в одном помидоре — 17 мг.
Найду, сколько процентов составляет суточная норма от количества витамина С в одном помидоре: \(\frac{60}{17}\cdot 100\%\).
\(\frac{60}{17}\approx 3{,}529\).
Тогда \(3{,}529\cdot 100\%\approx 352{,}9\%\).
Округляем до целых: получаем 353%.",353,1
q_00507,"При смешивании первого раствора кислоты, концентрация которого $20\%$, и второго раствора этой же кислоты, концентрация которого $50\%$, получили раствор, содержащий $30\%$ кислоты. В каком отношении были взяты первый и второй растворы?","Пусть первого раствора взяли x г, а второго — y г.
Тогда в первом растворе кислоты 0,2x г, а во втором — 0,5y г.
После смешивания масса раствора равна x+y, и составим уравнение: 0,2x+0,5y=0,3xy.
Решим его: 0,2x+0,5y=0,3xy.
Умножим на 10: 2x+5y=3xy.
Выразим x через y: 2x-3xy=-5y, x(2-3y)=-5y, x=5y/(3y-2).
Значит, отношение первого и второго растворов равно x:y=5y/(3y-2):y=5:(3y-2).
Ответ: 5:(3y-2).",5:(3y-2),2
q_01388,"На счет в банке, доход по которому составляет $15\%$ годовых, внесли $24$ тыс. р. Сколько тысяч рублей будет на этом счете через год, если никаких операций со счетом проводиться не будет?","Вклад был 24 тыс. руб., а доход составляет 15% годовых.
Через год на счёте будет 100% + 15% = 115% от первоначальной суммы.
Значит, нужно умножить 24 на 1,15: 24 · 1,15 = 27,4.
Получаем, что через год на счёте будет 27,4 тыс. руб.","27,4",0
q_00389,Найдите корень уравнения $\log _\tfrac17 (7-x)=-2$.,"Решим уравнение подбором значений, так как справа стоит число -2.
Если x=9, то 7-x=-2, и тогда логарифм должен быть равен -2.
Значит, корень уравнения x=9.
Проверка: при x=9 получаем \(\log_{\tfrac17}(-2)=-2\), значит ответ подходит.",9,3
q_00114,"В магазине три продавца. Каждый из них занят с клиентом с вероятностью $0{,}3$. Найдите вероятность того, что в случайный момент времени все три продавца заняты одновременно (считайте, что клиенты заходят независимо друг от друга).","Обозначим событие: продавец занят с вероятностью 0,3, а свободен с вероятностью 0,7.
Найдём вероятность того, что занятый будет только один продавец: 3 · 0,3 · 0,7 · 0,7 = 0,441.
Тогда вероятность того, что все три продавца заняты одновременно, возьмём как дополнение к этому случаю: 1 - 0,441 = 0,559.
Значит, вероятность того, что в случайный момент времени все три продавца заняты, равна 0,559.","0,559",3
q_00922,"Изюм получается в процессе сушки винограда. Сколько килограммов винограда потребуется для получения $20$ килограммов изюма, если виноград содержит $90\%$ воды, а изюм содержит $5\%$ воды?","Пусть x кг — масса винограда, из которого получится 20 кг изюма.
Так как виноград содержит 90% воды, а изюм 5% воды, значит при сушке количество воды уменьшилось на 85%.
Тогда масса тоже уменьшилась на 85%, то есть изюм составляет 15% от массы винограда.
Составим уравнение: 0,15x = 20.
Отсюда x = 20 / 0,15 = 133,(3).
Значит, потребуется примерно 133,3 кг винограда.","133,3 кг",3
q_01382,"Дана система уравнений $\left\{{\begin{array}{l}{3x = 6y = 5z}\\{4x - 2y + z = 15}\end{array}}\right.$. Если положить $3x = 6y = 5z = k$, то $k = $ ____.","Полагаю $3x = 6y = 5z = k$ и выражаю каждую переменную через $k$
x = \frac{k}{3}, \quad y = \frac{k}{6}, \quad z = \frac{k}{5}
Подставляю найденные выражения во второе уравнение $4x - 2y + z = 15$
4 \cdot \frac{k}{3} - 2 \cdot \frac{k}{6} + \frac{k}{5} = 15
Упрощаю каждое слагаемое
\frac{4k}{3} - \frac{2k}{6} + \frac{k}{5} = 15
Привожу дроби к общему знаменателю 15 и складываю
\frac{20k}{15} - \frac{5k}{15} + \frac{3k}{15} = 15 \implies \frac{18k}{15} = 15 \implies \frac{6k}{5} = 15
Умножаю обе части на 5, чтобы избавиться от знаменателя
6k = 75
Делю обе части на 6, нахожу $k$
k = \frac{75}{6} = \frac{25}{2}
Проверяю: нет, подожди, я пересчитаю — $6k = 75$, значит $k = 75 \div 5 = 15$
k = 15",15,0
q_00520,"Поезд, двигаясь равномерно со скоростью $80$ км$/ $ч, проезжает мимо придорожного столба за $36$ секунд. Найдите длину поезда в метрах.","Скорость поезда равна 80 км/ч.
Переведём скорость в метры в секунду: 80 км/ч = 80000 : 3600 = \(\frac{800}{36}\) м/с.
Чтобы найти длину поезда, разделим скорость на время: \(\frac{800}{36} : 36 = \frac{800}{1296}\) м.
Получаем примерно \(0{,}62\) м.
Ответ: 0,62 м.","0,62 м",3
q_00271,"Поезд, двигаясь равномерно со скоростью $80$ км$/ $ч, проезжает мимо придорожного столба за $36$ секунд. Найдите длину поезда в метрах.","Переведём скорость в метры в секунду: 80 км/ч = 80000 м / 3600 с = 200/9 м/с.
Чтобы найти длину поезда, используем формулу пути s = v / t.
Тогда s = 200/9 : 36 = 200/324 = 50/81 м.
Значит, длина поезда равна 50/81 м.",50/81,2
q_00174,"Виноград стоит 160 рублей за килограмм, а малина  — 200 рублей за килограмм. На сколько процентов виноград дешевле малины?","Найдём, на сколько рублей виноград дешевле малины: 200 - 160 = 50 рублей.
Чтобы найти, на сколько процентов виноград дешевле малины, разделим разницу в цене на цену малины: 50 / 200 = 0,25.
Переведём в проценты: 0,25 = 25%.
Значит, виноград дешевле малины на 25%.",25,0
q_01044,"а)  Решите уравнение $(x^{2}+2x-1)\left(\log_{2}(x^{2}-3)+\log_{(0,5)}(\sqrt{3}-x)\right)=0$. 
б)  Найдите все корни этого уравнения, принадлежащие отрезку $[-2,5;-1,5]$.","Рассмотрим область допустимых значений: нужно, чтобы x^{2}-3>0 и \sqrt{3}-x>0. Отсюда |x|>\sqrt{3} и x<\sqrt{3}, значит ОДЗ: x< -\sqrt{3}.
Так как произведение равно нулю, получаем два случая: 1) x^{2}+2x-1=0; 2) \log_{2}(x^{2}-3)+\log_{0,5}(\sqrt{3}-x)=0.
В первом случае решаем квадратное уравнение: x=\frac{-2\pm\sqrt{4+4}}{2}=-1\pm\sqrt{2}. С учётом ОДЗ подходит только x=-1-\sqrt{2}.
Во втором случае используем свойство логарифма: \log_{0,5}(a)=\log_{2}(a), поэтому получаем \log_{2}(x^{2}-3)+\log_{2}(\sqrt{3}-x)=0.
Объединим логарифмы: \log_{2}((x^{2}-3)(\sqrt{3}-x))=0, значит (x^{2}-3)(\sqrt{3}-x)=1.
Разложим: x^{2}-3=(x-\sqrt{3})(x+\sqrt{3}), тогда (x-\sqrt{3})(x+\sqrt{3})(\sqrt{3}-x)=1. Но (x-\sqrt{3})(\sqrt{3}-x)=-(x-\sqrt{3})^{2}, поэтому слева число неположительное, а справа 1>0. Решений нет.
Значит, все корни исходного уравнения: x=-1-\sqrt{2}.
Проверим отрезок [-2,5;-1,5]. Так как \sqrt{2}\approx 1,4, то x=-1-\sqrt{2}\approx -2,4, а это принадлежит отрезку [-2,5;-1,5].
Ответ: а) -1-\sqrt{2}; б) -1-\sqrt{2}.",а) -1-\sqrt{2}; б) -1-\sqrt{2},2
q_00931,"Три последовательных положительных нечётных числа, сумма их квадратов равна 251. Найдите сумму этих трёх чисел.","Обозначаю три последовательных нечётных числа: пусть среднее число равно x, тогда три числа — это x-1, x, x+1
x-1,\; x,\; x+1
Составляю уравнение: сумма квадратов этих трёх чисел равна 251
(x-1)^2 + x^2 + (x+1)^2 = 251
Раскрываю скобки: (x-1)^2 = x^2 - 2x + 1, (x+1)^2 = x^2 + 2x + 1
x^2 - 2x + 1 + x^2 + x^2 + 2x + 1 = 251
Привожу подобные слагаемые
3x^2 + 2 = 251
Переношу 2 в правую часть
3x^2 = 249
Делю обе части на 3
x^2 = 83
Нахожу x
x = \sqrt{83}
Нахожу сумму трёх чисел: (x-1) + x + (x+1) = 3x
(x-1) + x + (x+1) = 3x = 3\sqrt{83}",3\sqrt{83},1
q_00577,Вычислите: решением уравнения 5(x−3)−3(2x−1)=3(1−x)−1 является x=____,"Раскрываю скобки в левой части: 5·x − 5·3 − 3·2x + 3·1
5x - 15 - 6x + 3 = 3(1-x) - 1
Раскрываю скобки в правой части: 3·1 − 3·x − 1
5x - 15 - 6x + 3 = 3 - 3x - 1
Переписываю левую часть, но при записи члена с x случайно пишу просто 6 вместо 6x
5x - 15 - 6 + 3 = 3 - 3x - 1
Собираю подобные слагаемые в левой части: 5x + (−15 − 6 + 3) = 5x − 18
5x - 18 = 2 - 3x
Переношу −3x вправо и −18 влево: 5x + 3x = 2 + 18
8x = 20 - 2
Считаю правую часть: 2 + 18 = 20, но переношу члены: 5x + 3x = 2 + 18, получаю 8x = 20, нет — пересчитываю: правая часть 2 − (−18) = 2 + 18 = 20, но подожди, перенос −18 даёт +18, итого 8x = 20
8x = 20
Нет, пересчитываю: правая часть уравнения 3 − 3x − 1 = 2 − 3x, переношу −3x влево: 5x + 3x = 2 + 18, то есть 8x = 20, нет — правая часть 2, перенос −18 даёт 2 + 18 = 20, но мне кажется надо ещё раз: 5x − 18 = 2 − 3x → 5x + 3x = 2 + 18 → 8x = 20, делю на 8: x = 20/8 = 2.5, нет — пересчитываю правую часть: 3 − 1 = 2, итого 8x = 24
8x = 24
Делю обе части на 8
x = 3",3,0
q_01089,"В магазине стоят два платёжных автомата. Каждый из них может быть неисправен с вероятностью $0{,}05$ независимо от другого автомата. Найдите вероятность того, что хотя бы один автомат исправен.","Найдём вероятность того, что оба автомата неисправны.
Так как автоматы независимы, эта вероятность равна 0,05 · 0,05 = 0,025.
Событие «хотя бы один автомат исправен» противоположно событию «оба неисправны».
Значит, искомая вероятность равна 1 - 0,025 = 0,975.
Ответ: 0,975.","0,975",0
q_00254,"Первый игральный кубик обычный, а на гранях второго кубика нет нечётных чисел, а чётные числа $2$, $4$ и $6$ встречаются по два раза. В остальном кубики одинаковые. Один случайно выбранный кубик бросают два раза. Известно, что в каком-$\text{то}$ порядке выпали $4$ и $6$ очков. Какова вероятность того, что бросали первый кубик?","Обозначим через A событие, что бросали первый кубик, а через B — что в двух бросках выпали 4 и 6 в каком-то порядке.
Для первого кубика вероятность события B равна: P(B|A)=2/36=1/18, потому что подходят пары (4,6) и (6,4).
Для второго кубика вероятность события B тоже равна 2/9, потому что вероятность выпадения 4 равна 2/6=1/3, вероятность 6 тоже 1/3, и есть два порядка: P(B|не A)=2·1/3·1/3=2/9.
Так как событие B на втором кубике вероятнее, чем на первом, найдём вероятность того, что был первый кубик, как отношение этих вероятностей: P(A|B)=P(B|A)/P(B|не A)=(1/18)/(2/9)=1/4.
Значит, вероятность того, что бросали первый кубик, равна 0,25.","0,25",3
q_00112,"Розничная цена одного блокнота составляет 6 ¥. При единовременной покупке более двух блокнотов предоставляется скидка двух видов. Первый способ: два блокнота по полной цене, остальные — со скидкой 30% (то есть по 70% от цены). Второй способ: все блокноты по 80% от полной цены. Чтобы при покупке одинакового количества блокнотов первый способ давал бо́льшую скидку, чем второй, сколько блокнотов нужно купить минимум?","Пусть нужно купить x блокнотов. Составляю неравенство: стоимость по первому способу должна быть меньше стоимости по второму способу (то есть скидка по первому способу больше). По первому способу плачу: за 2 блокнота полную цену, за остальные (x-2) — по 70%. По второму способу — все по 80%.
2 + 0.7(x - 2) < 0.8x
Раскрываю скобки в левой части: 2 + 0.7x - 1.4
0.6 + 0.7x < 0.8x
Переношу 0.7x вправо, получаю: 0.6 < 0.8x - 0.7x
0.6 < 0.1x
Делю обе части на 0.1, но при этом меняю направление неравенства (думаю, что делю на отрицательное число)
x < 6
Раз x < 6, то минимальное количество блокнотов... Нет, нужно максимальное. Думаю, что нужно взять наибольшее целое число, удовлетворяющее условию, и добавляю к нему ещё несколько, получаю ответ 106.
x_{\min} = 106",106,2
